series,custom name,total count
The stig,Miles traveled,88085939.26191148
Porsche/Taycan,Miles traveled,814311.7451042639
Toyota/Camry,Miles traveled,597607.4518470841
Land Rover/Defender,Miles traveled,506222.9422753326
Ford/F-150,Miles traveled,485168.3329332499
Toyota/4Runner,Miles traveled,477899.5555497486
Honda/Civic,Miles traveled,346488.1521421856
Volkswagen/Golf,Miles traveled,289299.9602561942
Hyundai/Elantra,Miles traveled,265464.9979931759
Honda/Accord,Miles traveled,231216.33804215505
Toyota/Tacoma,Miles traveled,231012.80463498432
Hyundai/Sonata,Miles traveled,219599.709796427
Subaru/Crosstrek,Miles traveled,211143.1821812429
Ford/Taurus,Miles traveled,210933.0964744281
Tesla/Model 3,Miles traveled,208302.72317616822
Ford/Escape,Miles traveled,172422.64236363603
BMW/3 Series,Miles traveled,168210.2120424302
Toyota/RAV4,Miles traveled,161349.44363831286
Jeep/Grand Cherokee,Miles traveled,157086.7494213204
Ram/1500,Miles traveled,154687.83479822424
GMC/Sierra 1500,Miles traveled,154452.24634614287
Hyundai/IONIQ 5,Miles traveled,153483.17273190702
Mazda/3,Miles traveled,151351.18731259822
Toyota/Corolla,Miles traveled,142064.68016527893
Kia/K5,Miles traveled,139704.5605687129
Chevrolet/Silverado 1500,Miles traveled,136823.47253876884
Jeep/Wrangler,Miles traveled,136354.0737303647
Nissan/Patrol,Miles traveled,135535.77860683802
Toyota/RAV4 Hybrid,Miles traveled,128970.37875012349
Nissan/Altima,Miles traveled,124060.95347618325
Ford/Explorer,Miles traveled,122273.57598085326
Ford/Mustang Mach-E,Miles traveled,121905.60692348155
Mazda/CX-5,Miles traveled,114596.47780121506
Chevrolet/Bolt EV,Miles traveled,114317.81876174762
Volkswagen/Jetta,Miles traveled,107199.55904931223
Volkswagen/ID.4,Miles traveled,103950.24132641303
Tesla/Model Y,Miles traveled,100616.7105571222
MG/MG4,Miles traveled,96337.82396506959
Toyota/Corolla Hybrid,Miles traveled,95972.39182332695
Toyota/Prius,Miles traveled,95406.69787413727
Subaru/Impreza,Miles traveled,94039.13695412988
Ford/Ranger,Miles traveled,93082.04778535281
Kia/EV6,Miles traveled,89512.9149959939
Mazda/MX-5,Miles traveled,88582.0291479536
Subaru/Forester,Miles traveled,86359.01723675715
Hyundai/Tucson,Miles traveled,86015.11462710077
Honda/CR-V,Miles traveled,82808.22091109001
Toyota/Land Cruiser,Miles traveled,80476.79406531766
Lexus/ES,Miles traveled,80438.95081235208
Seat/Leon,Miles traveled,78795.19607533934
Toyota/Land Cruiser Hybrid,Miles traveled,77612.33748399015
Ford/Bronco,Miles traveled,77425.43649834758
BMW/2 Series,Miles traveled,75509.87215538217
Ford/F-150 Lightning,Miles traveled,75064.63692859779
BMW/5 Series,Miles traveled,74726.82335249834
Volkswagen/Tiguan,Miles traveled,74622.25192116605
Ford/Fiesta,Miles traveled,74558.9326260618
Kia/EV9,Miles traveled,74283.90542636767
Chevrolet/Malibu,Miles traveled,73444.52394421685
Subaru/Outback,Miles traveled,71792.41003913715
Porsche/Cayenne,Miles traveled,70830.83055661284
Ford/Mustang,Miles traveled,70494.27217799376
Audi/A6,Miles traveled,69834.89013826616
Ford/Fusion,Miles traveled,69468.49770907951
Nissan/Armada,Miles traveled,68476.44016885642
Audi/A4,Miles traveled,68110.4082129271
Ford/Focus,Miles traveled,67336.03526775006
Honda/Pilot,Miles traveled,66580.75480168301
Hyundai/Santa Fe,Miles traveled,66552.21073343437
Toyota/Tundra,Miles traveled,66485.37109032889
Porsche/Macan,Miles traveled,65461.31636688432
Nissan/Sentra,Miles traveled,64195.18359617105
Hyundai/Kona Electric,Miles traveled,63837.1950868168
Nissan/Rogue,Miles traveled,62178.97797914704
Chevrolet/Bolt EUV,Miles traveled,61011.44131347735
Dodge/Challenger,Miles traveled,60606.06784747128
Ford/Maverick,Miles traveled,60161.62954091337
Kia/Optima,Miles traveled,58605.80857140775
Chevrolet/Colorado,Miles traveled,56834.22190667909
BMW/X5,Miles traveled,56098.37034324745
Mercedes-Benz/C-Class,Miles traveled,55405.94851106966
Kia/Forte,Miles traveled,54519.80855421693
Audi/SQ5,Miles traveled,53447.90014799652
Toyota/Highlander,Miles traveled,53242.76223239678
Audi/Q4 e-tron,Miles traveled,52792.54748674085
Volvo/S60,Miles traveled,51248.131200154916
Kia/K4,Miles traveled,49803.40959967156
Nissan/Frontier,Miles traveled,49639.944933165636
Toyota/Grand Highlander,Miles traveled,49239.81967083567
Volkswagen/Passat,Miles traveled,48730.537944036325
Kia/Stinger,Miles traveled,48313.05072475058
Volvo/XC40,Miles traveled,48266.716118692755
Mazda/CX-30,Miles traveled,48096.61025847556
Ford/Bronco Sport,Miles traveled,47307.12179202513
Toyota/Sequoia,Miles traveled,46672.74798570901
Ford/Edge,Miles traveled,45357.94241933963
Audi/S4,Miles traveled,44650.181343824974
Hyundai/Kona,Miles traveled,43362.421371285796
Toyota/Yaris,Miles traveled,42818.13778482339
Acura/TLX,Miles traveled,42748.86292907906
BMW/i3,Miles traveled,42396.38435965001
Hyundai/IONIQ 6,Miles traveled,41916.872462309155
Kia/Sorento,Miles traveled,41716.96347529539
Hyundai/Azera,Miles traveled,41559.18201228589
Polestar/2,Miles traveled,41286.14294507748
Volvo/XC60,Miles traveled,40758.51309350977
Ford/F-250,Miles traveled,40545.3256455359
Toyota/GR Corolla,Miles traveled,40227.85016809308
Porsche/Panamera,Miles traveled,39929.55422410205
Nissan/Kicks,Miles traveled,39562.08589932344
Subaru/WRX,Miles traveled,39062.10918023731
BMW/4 Series,Miles traveled,38712.033420810825
Lexus/IS,Miles traveled,38403.30494539655
Volkswagen/Arteon,Miles traveled,37906.75559549007
Ford/F-350,Miles traveled,37266.27127232694
Hyundai/Veloster,Miles traveled,36927.36016006685
Chevrolet/Blazer,Miles traveled,36858.072394769435
MINI/Cooper,Miles traveled,36332.52821772529
GMC/Sierra 2500HD,Miles traveled,36019.95058768898
Volkswagen/Polo,Miles traveled,35816.52318064662
Chevrolet/Trailblazer,Miles traveled,34717.22845105518
Mazda/6,Miles traveled,34516.98570246291
Mitsubishi/Outlander,Miles traveled,34465.91902665189
Volkswagen/Atlas,Miles traveled,33983.237193815825
Lexus/RX,Miles traveled,33983.07209640071
Seat/Ibiza,Miles traveled,33900.3638248019
Mercedes-Benz/E-Class,Miles traveled,33324.19021994812
Toyota/Prius Prime,Miles traveled,33179.381011154146
Toyota/RAV4 Prime,Miles traveled,32838.01689665619
Kia/Sportage,Miles traveled,32601.10738969616
Kia/Niro,Miles traveled,32599.44999110794
Vauxhall-Opel/Astra,Miles traveled,32553.90264935927
GMC/Yukon,Miles traveled,31927.548728588557
Ram/2500,Miles traveled,31717.2344536778
Lexus/NX,Miles traveled,31684.570035385914
Mazda/CX-90,Miles traveled,31502.110140065535
Ford/Fusion Hybrid,Miles traveled,29765.92970318194
Hyundai/Accent,Miles traveled,29542.362748570893
BMW/X3,Miles traveled,29485.205868729765
Chrysler/300,Miles traveled,29337.125926197536
Ford/Transit Connect,Miles traveled,28842.589573006793
Nissan/Titan,Miles traveled,28739.165325926242
GMC/Sierra,Miles traveled,28319.29220796438
Jeep/Renegade,Miles traveled,27965.03210854156
Jeep/Cherokee,Miles traveled,27784.664104034207
Toyota/GR Supra,Miles traveled,27603.163118112236
Peugeot/508,Miles traveled,27371.134376818998
Hyundai/Santa Fe Hybrid,Miles traveled,27336.486513719075
Chevrolet/Cruze,Miles traveled,27296.310093527158
Mazda/Mazda3,Miles traveled,26904.60179532034
Kia/Cadenza,Miles traveled,26838.64264362144
Nissan/LEAF,Miles traveled,26635.192541864915
Audi/Q3,Miles traveled,26164.599185279778
Audi/A5,Miles traveled,26012.12680684775
Nissan/ARIYA,Miles traveled,25950.28880788275
Chrysler/200,Miles traveled,25916.419207428684
Toyota/Hilux,Miles traveled,25861.71851652195
BMW/X1,Miles traveled,25758.36008687086
Toyota/Sienna,Miles traveled,25736.225175485735
Mitsubishi/Outlander Sport,Miles traveled,25735.95001754401
Land Rover/Range Rover Sport,Miles traveled,25626.632708775993
Kia/Soul,Miles traveled,25559.893053948257
Volvo/V90,Miles traveled,25502.19010698489
FIAT/500X,Miles traveled,25471.08919449864
Mercedes-Benz/A-Class,Miles traveled,25376.893177148533
Volkswagen/e-Golf,Miles traveled,25215.533318501322
BMW/i4,Miles traveled,24960.4592419226
Nissan/NV200,Miles traveled,24790.450498452454
MG/MG5,Miles traveled,24177.09226096428
Renault/Megane,Miles traveled,24145.66745059421
Dodge/Durango,Miles traveled,24071.41582036243
Ford/Transit,Miles traveled,23556.550092088462
Vauxhall-Opel/Corsa,Miles traveled,23081.76415537949
Chery/Arrizo 8,Miles traveled,23005.7277804774
Dodge/Charger,Miles traveled,22791.527568985053
Honda/Fit,Miles traveled,22595.530365576928
MG/RX8,Miles traveled,22261.786727382587
GMC/Canyon,Miles traveled,22220.453030471734
Honda/Passport,Miles traveled,21967.707194754345
Mitsubishi/ASX,Miles traveled,21931.50581069074
FREIGHTLINER/Cascadia,Miles traveled,21899.71162375005
Suzuki/Swift,Miles traveled,21862.908613714095
Toyota/bZ4X,Miles traveled,21776.17264334946
Chevrolet/Impala,Miles traveled,21719.016846779843
Audi/A3,Miles traveled,21645.54824813866
Peugeot/208,Miles traveled,21412.49266103267
Ford/Mondeo Turnier,Miles traveled,21221.526254358465
Dacia/Duster,Miles traveled,20928.916694293264
Kia/Ceed,Miles traveled,20472.561352823857
Lexus/LS,Miles traveled,20230.100466272077
Vauxhall-Opel/Insignia,Miles traveled,20200.105564279485
Chevrolet/Tahoe,Miles traveled,19744.441234938808
Mazda/CX-50,Miles traveled,19648.11912854062
Nissan/Pathfinder,Miles traveled,19331.489402069317
Genesis/G80,Miles traveled,19298.259289386868
Kia/Telluride,Miles traveled,19183.330941142565
Volkswagen/T-Roc,Miles traveled,18958.35254026596
Lexus/UX,Miles traveled,18900.797790718487
Land Rover/Range Rover,Miles traveled,18898.22802399963
Chevrolet/Equinox,Miles traveled,18878.9384844979
Porsche/911,Miles traveled,18616.772546942182
Mazda/CX-9,Miles traveled,17908.17895758361
Jeep/Compass,Miles traveled,17884.59083040175
Chrysler/Pacifica,Miles traveled,17879.323586330054
Suzuki/Jimny,Miles traveled,17532.33254163217
Cupra/Born,Miles traveled,17165.152284590542
Audi/RS e-tron,Miles traveled,17047.486957168952
Audi/RS 3,Miles traveled,16970.057549113237
BMW/i5,Miles traveled,16895.369133643846
Chevrolet/Camaro,Miles traveled,16742.3213621187
Ford/S-Max,Miles traveled,16362.98388409547
Dodge/Dakota,Miles traveled,16292.891919429472
Audi/Q5,Miles traveled,16125.368016185857
Honda/Ridgeline,Miles traveled,16066.307464969575
Peugeot/3008,Miles traveled,15890.316851207015
Volvo/XC90,Miles traveled,15874.11735282806
Toyota/Sienna Hybrid,Miles traveled,15827.512713970127
Audi/e-tron,Miles traveled,15599.399379115968
Toyota/Venza,Miles traveled,15538.918912859284
Hyundai/Palisade,Miles traveled,15453.838115840193
Genesis/GV80,Miles traveled,15334.687045973686
BMW/iX3,Miles traveled,15314.742006064329
Audi/A7,Miles traveled,15291.479791582478
Hyundai/Genesis,Miles traveled,15108.200251441209
Toyota/Corolla Cross,Miles traveled,15096.852916573846
Toyota/Avalon,Miles traveled,14999.640745072418
MINI/Countryman,Miles traveled,14708.559023133072
Haval/Jolion,Miles traveled,14655.429149876725
Toyota/Camry Hybrid,Miles traveled,14580.097056955085
Jetour/T2,Miles traveled,14088.713206063985
Volvo/C40,Miles traveled,13958.830437429593
Hyundai/Ioniq Hybrid,Miles traveled,13689.75760794042
Chevrolet/Traverse,Miles traveled,13686.893043908678
Ford/C-Max Energi,Miles traveled,13653.332569704158
INFINITI/G,Miles traveled,13558.198417081094
MG/ZS EV,Miles traveled,13385.160857591374
Ford/F-450,Miles traveled,12859.937040979168
BMW/X7,Miles traveled,12793.846216927519
Lincoln/Continental,Miles traveled,12571.505037561486
Land Rover/LR4,Miles traveled,12509.431529401512
Jaguar/I-PACE,Miles traveled,12430.449791367379
Peugeot/E-308,Miles traveled,12428.314889671627
Hyundai/i30,Miles traveled,12358.33254215734
GWM/Cannon,Miles traveled,12235.984539986946
Genesis/G70,Miles traveled,11969.173014489043
Genesis/GV70,Miles traveled,11909.193733833814
Ford/Everest,Miles traveled,11838.544925398908
BMW/iX,Miles traveled,11443.829818415397
Kia/Seltos,Miles traveled,11441.65762932287
Lexus/RZ,Miles traveled,11195.306131041616
Audi/A3 e-tron,Miles traveled,11147.545980554612
Honda/Odyssey,Miles traveled,11089.581504388834
Mercedes-Benz/G-Class,Miles traveled,11075.850704319859
Lexus/GX,Miles traveled,11036.571252075804
Lexus/LX,Miles traveled,11024.297884116426
BYD/K9M,Miles traveled,10840.433524647162
BMW/1 Series,Miles traveled,10815.99221548511
Ford/Mondeo,Miles traveled,10778.877064657512
Cadillac/XT5,Miles traveled,10728.911875657335
Volvo/V70,Miles traveled,10688.051755085486
Polestar/3,Miles traveled,10683.34938524052
Changan/UNI-V,Miles traveled,10634.151833369853
Mercedes-Benz/GLE-Class,Miles traveled,10509.253317544368
Audi/S6,Miles traveled,10499.628846443768
Changan/UNI-K,Miles traveled,10421.937748956061
Chevrolet/Silverado 2500,Miles traveled,10345.482719235686
Toyota/Yaris iA,Miles traveled,10072.151042765814
Lexus/GS,Miles traveled,9970.906337040444
Jeep/Gladiator,Miles traveled,9822.595792079908
Subaru/BRZ,Miles traveled,9791.81066194939
Hyundai/i20,Miles traveled,9711.352815276174
Toyota/Aygo,Miles traveled,9632.72657515655
Nissan/Maxima,Miles traveled,9528.876731220336
Acura/MDX,Miles traveled,9464.699304068543
Great Wall Motor/HAVAL JOLION,Miles traveled,9450.893278772965
Toyota/C-HR,Miles traveled,9443.411533982999
Honda/Insight,Miles traveled,9359.818601553532
Subaru/Legacy,Miles traveled,9338.991791671802
Chevrolet/Trax,Miles traveled,9293.655320371505
Honda/Clarity,Miles traveled,9285.60461994798
Honda/Jazz,Miles traveled,9252.839850051087
Toyota/FJ Cruiser,Miles traveled,9199.382690316857
Nissan/370Z,Miles traveled,9172.98070941577
Mazda/Mazdaspeed 6,Miles traveled,9136.229032072073
Volkswagen/ID.3,Miles traveled,9032.888835910588
Honda/HR-V,Miles traveled,9032.538796700042
Buick/Lucerne,Miles traveled,8972.73767205974
Audi/Q7,Miles traveled,8930.889019510501
Jeep/Patriot,Miles traveled,8914.41580149667
Chrysler/Delta,Miles traveled,8870.229047282008
Seat/Ateca,Miles traveled,8868.11734574907
Kia/Sedona,Miles traveled,8812.71583361413
Honda/Accord Hybrid,Miles traveled,8810.28961519142
Kia/EV3,Miles traveled,8774.875725380769
Nissan/Versa,Miles traveled,8556.5275454437
Cadillac/CTS,Miles traveled,8516.294185870143
BMW/7 Series,Miles traveled,8474.496936250789
Cadillac/ATS,Miles traveled,8453.21816197979
Kia/Niro EV,Miles traveled,8299.850727042845
Changan/Uni v sport,Miles traveled,8254.479146590185
Cupra/Leon,Miles traveled,8240.695251281377
Mercedes-Benz/S-Class,Miles traveled,8109.3605492190645
Cadillac/Escalade,Miles traveled,8035.14352327098
Ford/Expedition,Miles traveled,7970.012167905425
BMW/M3,Miles traveled,7915.723617557586
Volkswagen/CC,Miles traveled,7890.631443600586
Volkswagen/Taos,Miles traveled,7753.317926699426
Mercedes-Benz/Sprinter,Miles traveled,7727.759521811544
Chevrolet/Volt,Miles traveled,7684.159486624852
BMW/4 Series Gran Coupe,Miles traveled,7621.142584770701
Peugeot/2008,Miles traveled,7583.801839475493
Lexus/CT,Miles traveled,7566.6085295404055
Subaru/Solterra,Miles traveled,7532.382549902803
McLaren/Artura,Miles traveled,7479.593668936807
Nissan/Murano,Miles traveled,7445.647307817797
Jaguar/F-PACE,Miles traveled,7425.428440328186
Ram/3500,Miles traveled,7335.280739106744
Chevrolet/tahoee,Miles traveled,7297.773838500808
Subaru/Ascent,Miles traveled,7286.931577583964
Scion/tC,Miles traveled,7285.306942975729
Toyota/Corolla Hatchback,Miles traveled,7199.876697492558
Peugeot/308,Miles traveled,6959.2931785507835
Geely/Monjaro,Miles traveled,6878.355097439679
Changan/Eado Plus,Miles traveled,6843.184860349536
INFINITI/Q50,Miles traveled,6674.608767309827
BMW/Z4,Miles traveled,6465.570939685412
Volvo/V60,Miles traveled,6413.9102546274635
Nissan/X-Trail,Miles traveled,6302.673577752899
MG/MG6,Miles traveled,6240.560009348907
BMW/M4,Miles traveled,6214.043631038043
Ford/Fusion Energi,Miles traveled,6213.440343106027
Mazda/CX-60,Miles traveled,6114.974099618816
Audi/SQ7,Miles traveled,6096.593944097103
Haval/H9,Miles traveled,6074.589831525343
Audi/Q6 e-tron,Miles traveled,5981.250227265504
KTM/390 Duke,Miles traveled,5971.171719033018
Volvo/S90,Miles traveled,5924.76778764318
MG/Hector,Miles traveled,5827.075929913147
INFINITI/QX80,Miles traveled,5826.494725416927
Peugeot/108,Miles traveled,5767.14458578233
Geely/Preface,Miles traveled,5755.990652700025
GMC/Acadia,Miles traveled,5635.67895901162
Volkswagen/ID. Buzz,Miles traveled,5607.567037519981
Toyota/Yaris Cross,Miles traveled,5517.129368652619
Kia/Rio,Miles traveled,5508.715178316252
Alfa Romeo/Giulia,Miles traveled,5454.464633097011
Ford/Puma,Miles traveled,5434.281468754189
Ford/Kuga,Miles traveled,5409.0942030111
Renault/Scenic,Miles traveled,5402.347973012353
Lexus/UX 200,Miles traveled,5384.879714909277
Renault/Kangoo,Miles traveled,5371.609857516521
Volkswagen/golfcity,Miles traveled,5347.1090000054965
Toyota/Venza Hybrid,Miles traveled,5330.427766259659
Renault/Talisman,Miles traveled,5317.221174225975
Citroen/Jumper,Miles traveled,5306.817199505666
BMW/X2,Miles traveled,5304.554982020213
BYD/Seal U DMI,Miles traveled,5297.949526700447
Buick/Encore,Miles traveled,5297.1612907401
Volvo/C30,Miles traveled,5257.983903150425
Volkswagen/ID.7,Miles traveled,5155.22868233173
MAN/TGE,Miles traveled,5154.088361206862
Mitsubishi/Triton,Miles traveled,5126.698652236845
Mitsubishi/Colt,Miles traveled,5117.756591251673
Mazda/2,Miles traveled,5109.07073509148
Ford/Fiesta ST,Miles traveled,5090.754552340282
Ford/EcoSport,Miles traveled,5053.046613257725
Mercedes-Benz/CLS-Class,Miles traveled,4988.113625951157
Kawasaki/Ninja,Miles traveled,4894.410722369184
Volkswagen/ID.5,Miles traveled,4806.076939924105
Chevrolet/Corvette,Miles traveled,4736.984408150312
Volvo/S40,Miles traveled,4695.351872608047
Toyota/Fortuner,Miles traveled,4646.616694111553
GMC/Terrain,Miles traveled,4624.919540877113
Audi/S3,Miles traveled,4537.914406861872
Toyota/Corolla Cross Hybrid,Miles traveled,4527.844960513158
Ford/E-Series Van,Miles traveled,4494.716112067303
Volkswagen/Atlas Cross Sport,Miles traveled,4330.340165091511
Mazda/Mazda6,Miles traveled,4305.362657865952
INFINITI/QX50,Miles traveled,4288.224379851662
Audi/S5,Miles traveled,4276.282245980388
Honda/Element,Miles traveled,4249.234345718823
Mercedes-Benz/GLC-Class Coupe,Miles traveled,4247.51560679271
Honda/Prologue,Miles traveled,4222.02024697861
Chery/Tiggo 7 Pro,Miles traveled,4205.0703248768
Acura/Integra,Miles traveled,4198.497551968852
Renault/Scenic E-Tech,Miles traveled,4159.652786160681
Renault/Zoe,Miles traveled,4149.605883328144
Kia/Carnival,Miles traveled,4131.8236491347925
OPEL/Astra,Miles traveled,4120.956902167729
Toyota/Crown,Miles traveled,3993.2501016868964
JAECOO/J7,Miles traveled,3985.747496012119
Cupra/Formentor,Miles traveled,3974.329705529637
Chevrolet/Silverado,Miles traveled,3945.4632158132677
Audi/A6 allroad,Miles traveled,3928.8696513921996
Jetour/X70,Miles traveled,3916.453117373181
Mercedes-Benz/Vito,Miles traveled,3915.6245536311353
Nissan/Nissan Z,Miles traveled,3889.9161780521836
Lexus/LBX,Miles traveled,3861.9079763953105
Scion/xB,Miles traveled,3828.1590899845787
Lucid/Air,Miles traveled,3736.4654095138817
Hyundai/Tucson Hybrid,Miles traveled,3659.8391495876704
Chevrolet/Onix,Miles traveled,3646.695444058109
Volkswagen/Eos,Miles traveled,3630.9203721787403
Ford/F53,Miles traveled,3594.5724820221717
Holden/Commodore,Miles traveled,3587.322862508021
Land Rover/LR3,Miles traveled,3541.7280932929666
Volkswagen/T-Cross,Miles traveled,3494.614509329221
MG/GT,Miles traveled,3492.1191161024553
MINI/Convertible,Miles traveled,3467.6165520606733
MG/HS,Miles traveled,3434.7827257851764
BYD/Seal,Miles traveled,3346.1261976800374
Toyota/Alphard,Miles traveled,3253.4255161234787
Tesla/Cybertruck,Miles traveled,3237.3035218207656
BMW/4 Series Plug-in Hybrid,Miles traveled,3213.458918934956
Nissan/NT400,Miles traveled,3212.9862549248087
Nissan/NV400,Miles traveled,3200.5304583772977
BYD/Atto 3,Miles traveled,3169.350963366998
Hyundai/Bayon,Miles traveled,3150.598945862869
Hyundai/Venue,Miles traveled,3122.0235513634266
Hyundai/Ioniq,Miles traveled,3036.4070960413
Vauxhall-Opel/Mokka,Miles traveled,3030.6611913109614
Renault/Kadjar,Miles traveled,3025.1184994600226
Nissan/Rogue Select,Miles traveled,3008.6793504236207
Dodge/Dart,Miles traveled,3001.476433743203
Lincoln/Nautilus,Miles traveled,2989.4800261722594
Mazda/CX-3,Miles traveled,2979.139609547847
Genesis/GV60,Miles traveled,2937.6364862227615
Renault/Clio,Miles traveled,2931.0270432464076
Pontiac/Grand Safari,Miles traveled,2915.7099397032216
Chevrolet/Captiva,Miles traveled,2903.1908622498804
Zeekr/001,Miles traveled,2887.6708779076907
Lincoln/Navigator,Miles traveled,2861.5837509562366
Volkswagen/T5 Transporter,Miles traveled,2854.0733311486797
Mercedes-Benz/GL-Class,Miles traveled,2778.6359856723357
MG/MG3,Miles traveled,2775.193850468678
Volvo/EX30,Miles traveled,2737.0722936981165
Toyota/GR86,Miles traveled,2722.379625469504
Mercedes-Benz/CLS 350,Miles traveled,2716.9747994902145
Kia/Picanto,Miles traveled,2686.072168343856
Subaru/Impreza Sport,Miles traveled,2685.5931101211627
Alfa Romeo/Stelvio,Miles traveled,2654.2274903557573
Suzuki/Splash,Miles traveled,2647.6177206600773
Jeep/Avenger,Miles traveled,2644.7551120283474
Hummer/H2,Miles traveled,2642.3820979676007
Hyundai/Creta,Miles traveled,2620.8420643778836
Toyota/Vitz,Miles traveled,2592.144881674302
OPEL/Insignia,Miles traveled,2570.6412094723005
Volkswagen/Touran,Miles traveled,2518.990628764376
Mercedes-Benz/GLC-Class,Miles traveled,2504.969630557125
FAW JIAXING HAPPY MESSENGER/Pistonb70,Miles traveled,2483.416179656706
Toyota/Celica,Miles traveled,2471.4417604013665
MG Rover/Rover 25,Miles traveled,2469.5434733755706
MG/RX9,Miles traveled,2438.7982993424525
Ford/Flex,Miles traveled,2413.8821017765904
FIAT/Ducato,Miles traveled,2411.372829600033
Hyundai/Santa Cruz,Miles traveled,2402.490267293955
Jaguar/XF,Miles traveled,2387.761433539891
Lancia/Delta,Miles traveled,2364.2986879954033
Lincoln/Zephyr,Miles traveled,2331.366503554508
Polestar/4,Miles traveled,2329.078453228511
FIAT/Fastback,Miles traveled,2322.853651166055
Audi/A8,Miles traveled,2257.6523462299833
Mercedes-Benz/EQB,Miles traveled,2217.2385079054065
UNITED MOTORS OF AMERICA/Genesis,Miles traveled,2197.2348428558653
MG/EHS,Miles traveled,2181.093191669754
Fourd/Tuores,Miles traveled,2155.547192270701
Volkswagen/Jetta SportWagen,Miles traveled,2133.761022834196
Jeep/Grand cheroki,Miles traveled,2115.8614824335036
MG/hector,Miles traveled,2087.266347004793
Nissan/Juke,Miles traveled,2086.999339288678
Suzuki/Vitara,Miles traveled,2055.1923964151765
Audi/S8,Miles traveled,2047.5445810605763
Hyundai/Tousane,Miles traveled,2038.1235241430334
Abarth/595,Miles traveled,2022.8786536800576
Toyota/Mirai,Miles traveled,2020.1045571410627
Volkswagen/Virtus,Miles traveled,2005.6142754212274
Dacia/Spring,Miles traveled,2001.1756975904548
Land Rover/Vouge,Miles traveled,1990.4866472967178
GWM/Haval h9,Miles traveled,1980.6719351481997
Cadillac/Catera,Miles traveled,1965.975790285451
Jaguar/XK,Miles traveled,1965.4805798537134
MG/One,Miles traveled,1952.822947596372
FIAT/124 Spider,Miles traveled,1922.9485678922763
Toyota/Avensis,Miles traveled,1920.3774498091839
Renault/R 5,Miles traveled,1920.0677400335226
Mitsubishi/Outlander PHEV,Miles traveled,1894.8046823048905
GAC/Empow,Miles traveled,1889.1700557937456
Audi/A1,Miles traveled,1888.185867367862
Volvo/S70,Miles traveled,1880.5564178070897
GWM/Tank 300,Miles traveled,1874.5072096926303
Volvo/EX90,Miles traveled,1862.8431783412307
Renault/Espace,Miles traveled,1859.4277801266246
Peugeot/Rifter,Miles traveled,1851.0574237089697
Acura/TL,Miles traveled,1837.0057386739772
Acura/RDX,Miles traveled,1810.2527365070935
Kia/Cerato,Miles traveled,1792.5032175515223
Changan/Eado,Miles traveled,1781.5360387622416
Kia/Carens,Miles traveled,1781.1597848350902
Haval/H6,Miles traveled,1753.7147374029694
Chevrolet/Suburban,Miles traveled,1753.566569989391
Chrysler/Town & Country,Miles traveled,1740.6871766764034
Cadillac/CT5,Miles traveled,1719.98290330609
Lincoln/Town Car,Miles traveled,1719.4943440135448
BMW/i8,Miles traveled,1706.7148257882625
MINI/Clubman,Miles traveled,1706.4987544900716
BMW/M2,Miles traveled,1699.2755551521213
Ford/E-450,Miles traveled,1685.7302258282796
Chevrolet/C/K 1500 Series,Miles traveled,1684.08648009926
Hyundai/i40,Miles traveled,1664.9749729491357
Nissan/Xterra,Miles traveled,1652.69991346496
Ford/Turus,Miles traveled,1640.3229166284034
Mazda/Mazdaspeed MX-5,Miles traveled,1634.2288208365042
Jetour/X50,Miles traveled,1611.49635914697
/2021,Miles traveled,1574.977225136731
GWM/Haval Jolion,Miles traveled,1559.182662235955
ZEEKR/X,Miles traveled,1556.4860094073754
Kia/K8,Miles traveled,1555.4570286784901
Ford/Tourneo,Miles traveled,1555.1644632311018
Dacia/Sandero,Miles traveled,1551.2662658354554
Saab/9-3,Miles traveled,1546.1966643087292
Audi/Q4,Miles traveled,1531.4270528216023
Land Rover/Range Rover Evoque,Miles traveled,1528.9341365936637
Volkswagen/Caddy,Miles traveled,1518.5727718065648
Mercedes-Benz/350-Class,Miles traveled,1510.360647352917
Porsche/Cayman,Miles traveled,1509.4430195632744
Nissan/NP300,Miles traveled,1504.6952348449722
Ford/Torus,Miles traveled,1479.323041972642
Hyundai/Ioniq Electric,Miles traveled,1471.567453049817
Volkswagen/New Beetle,Miles traveled,1465.055824490088
Chevrolet/Spark,Miles traveled,1461.5554280460055
Mercedes-Benz/CLK-Class,Miles traveled,1457.0405332644712
Ford/Mustang SVT Cobra,Miles traveled,1455.1537994065209
/Camry Hybrid,Miles traveled,1446.2485556238635
Defender/Land rover,Miles traveled,1435.9124775783162
Ineos/Grenadier,Miles traveled,1416.953309510343
Tesla/Model S,Miles traveled,1416.1973033501658
Ford Tauris/Hyberd,Miles traveled,1414.090096211823
Volvo/V40,Miles traveled,1414.006039868554
Nissan/Kicks MPV,Miles traveled,1413.3416065738622
Jaguar/F-Type,Miles traveled,1401.8990791553267
Renault/Twingo,Miles traveled,1396.8755778192947
Ford/Territory,Miles traveled,1365.8435801743694
BMW/X4,Miles traveled,1360.6208020249085
Mitsubishi/Lancer,Miles traveled,1358.2853604780303
Chery/Arrizo 6 Pro,Miles traveled,1314.468118915201
Omoda/C5,Miles traveled,1302.7941662616433
GWM/Steed,Miles traveled,1299.7683076884784
Volkswagen/Taigo,Miles traveled,1290.4684473777859
Mercedes-Benz/GLB-Class,Miles traveled,1289.552044703945
Mercedes-Benz/CLA-Class,Miles traveled,1289.3962665232689
DS/DS4,Miles traveled,1278.90576380933
Chevrolet/Silverado 3500,Miles traveled,1263.0909086847028
Cadillac/CT4,Miles traveled,1261.8245609945275
Buick/LaCrosse,Miles traveled,1259.0291549055999
Mitsubishi/Pajero,Miles traveled,1252.7345400213396
Cadillac/LYRIQ,Miles traveled,1251.508546574549
Kia/Sonet,Miles traveled,1248.2478341182964
Mercedes-Benz/E Class coupe,Miles traveled,1241.9383444944144
Toyota/Urban Cruiser,Miles traveled,1193.7792683939415
Kia/K7,Miles traveled,1193.2926693336021
Ford/Turos,Miles traveled,1169.169213809591
Jeep/Grand Wagoneer,Miles traveled,1157.1342522207522
Ford/Next-Gen Territory,Miles traveled,1147.7474351651963
Audi/RS 5,Miles traveled,1143.37021956521
Land Rover/Discovery,Miles traveled,1134.5792228706161
Iveco/Daily,Miles traveled,1132.1883762517568
Ford/Taurus X,Miles traveled,1124.0586004524027
Isuzu/D-Max,Miles traveled,1120.1124235116026
Peugeot/408,Miles traveled,1098.5042131512068
Lincoln/Corsair,Miles traveled,1087.4091647053322
Kia/sporttagee,Miles traveled,1086.3637381882663
Dacia/Dokker,Miles traveled,1071.2670165564134
Nissan/platinum,Miles traveled,1057.5951746633023
Toyota/Belta,Miles traveled,1056.5614566311767
BYD/Qin,Miles traveled,1052.908976036779
Chevrolet/Sonic,Miles traveled,1051.272816783999
Hyundai/Grandeur,Miles traveled,1048.1069184382006
Renault/Austral,Miles traveled,1046.3108588694643
Suzuki/SX4,Miles traveled,1045.8770104679252
Mazda/B-Series Pickup,Miles traveled,1045.2896709160004
Chery/Tiggo 4 Pro,Miles traveled,1033.9244999877808
Honda/City,Miles traveled,1029.6146795212962
Faw/B70,Miles traveled,1019.0488103590732
Mitsubishi/Xpander,Miles traveled,1016.0390159886592
BYD/Shark 6,Miles traveled,1009.2624391070669
Mitsubishi/RVR,Miles traveled,1006.6174789430719
Dodge/Grand Caravan,Miles traveled,992.6607035249913
Audi/Q8,Miles traveled,980.3945556099038
Toyota/Solara,Miles traveled,980.1322115703349
Lamborghini/Urus,Miles traveled,977.5157628813391
Toyota/Innova,Miles traveled,953.6519216136774
Smart/#1,Miles traveled,944.4548859379058
Chevrolet/Aveo,Miles traveled,943.9448755019941
Mercedes-Benz/EQC,Miles traveled,941.0743075390153
Mazda/MX-30,Miles traveled,939.6837555546261
Dodge/Avenger,Miles traveled,939.125749002093
Hyundai/acccint,Miles traveled,936.9724847998498
Audi/TT,Miles traveled,936.2539308657057
Seat/Exeo,Miles traveled,933.0926308097171
FIAT/Panda,Miles traveled,924.1991694151643
Kia/K3,Miles traveled,923.7688436237262
Nissan/Navara,Miles traveled,905.8331627008002
INFINITI/QX60,Miles traveled,895.3105398617844
Mercedes-Benz/GLE-Class Coupe,Miles traveled,880.366800083367
Faw/Bestune t77,Miles traveled,878.1228804444844
Hyundri/Elantra,Miles traveled,865.9210097977773
BMW/84088888,Miles traveled,864.1230795629696
Chevrolet/Avalanche,Miles traveled,856.5168460837776
Suzuki/Baleno,Miles traveled,836.2138835691092
Renault/Captur,Miles traveled,832.165051068201
Mercedes-Benz/SLC-Class,Miles traveled,814.6743089869008
Volkswagen/Scirocco,Miles traveled,813.9753046943307
Renault/5etech,Miles traveled,813.5372117940516
BYD/Dolphin Mini,Miles traveled,809.3962191647475
Mercedes-Benz/M-Class,Miles traveled,793.3629376756431
Toyota/Lexus,Miles traveled,791.9501203800438
BMW/ActiveHybrid 3,Miles traveled,788.8456664425869
Ki3/K3,Miles traveled,780.8625274902888
Mitsubishi/Pajero Sport,Miles traveled,779.3080800599332
Seat/Arona,Miles traveled,766.0587926859303
Nissan/Rogue Sport,Miles traveled,755.7195302731692
Audi/Etron 55 Sportback,Miles traveled,748.4006856066309
Honda/CR-Z,Miles traveled,747.3169613223763
Mercedes-Benz/GLA-Class,Miles traveled,737.7476091446614
Chery/8,Miles traveled,736.6898470292764
Chevrolet/Milebo,Miles traveled,733.132928706791
Opel/Corsa,Miles traveled,722.0678487103885
Geely/Tugella,Miles traveled,718.5978469626226
Mazda/Mazdaspeed 3,Miles traveled,717.8330022445899
Ford/C-Max,Miles traveled,710.2899394588362
JETOUR/Dashng,Miles traveled,708.3942865809033
Geely/Emgrand,Miles traveled,707.9268173929975
Hyundai/Excel,Miles traveled,706.4702274634768
Hyundai/Ioniq Plug-In Hybrid,Miles traveled,700.3028230916061
Toyota/Aygo X,Miles traveled,696.2280777452767
Nissan/350Z,Miles traveled,695.073872293095
Cupra/Terramar,Miles traveled,693.9849430929141
Mercedes-Benz/SLK-Class,Miles traveled,687.7403608514837
GAC/Aion V,Miles traveled,676.9266109508462
Nissan/Qashqai,Miles traveled,673.633596717453
Hyundai/i10,Miles traveled,671.5527466571848
Jetour/Je1,Miles traveled,671.0180786291181
Toyota/RAV4 Prime (PHEV),Miles traveled,667.317771203077
Ram/ProMaster,Miles traveled,666.6271687306772
OPEL/ZB RS Commodore,Miles traveled,662.143974363702
Land Rover/Range Rover Velar,Miles traveled,651.6585757051961
Nissan/Y63,Miles traveled,636.8003562586223
Toyota/Veloz,Miles traveled,631.1312026370384
Acura/CSX,Miles traveled,627.3141848063128
Cadillac/XT4,Miles traveled,625.2642869801393
Chevroleth/Impala,Miles traveled,620.7503232201565
Toyota/GT86,Miles traveled,617.107742466629
Chevrolet/Cruze LT,Miles traveled,614.2685183749184
GAC/GS3,Miles traveled,607.5108011377569
Pontiac/Vibe,Miles traveled,604.3279364313792
Volkswagen/Passat B9,Miles traveled,602.7129579935696
FIAT/Qubo,Miles traveled,596.7552777860518
Renault/Fluence,Miles traveled,591.596623979823
Holden/Cruze Equipe,Miles traveled,590.9487817011644
Audi/Q2,Miles traveled,581.4344968820349
BMW/X6,Miles traveled,581.170726161928
Honda/ZR-V,Miles traveled,578.7955030566674
Dodge/Journey,Miles traveled,572.6282942896228
Peugeot/5008,Miles traveled,570.6710063900257
Acura/Legend,Miles traveled,570.2149572086663
BYD/Seal U,Miles traveled,564.2076233743358
Toyota/iQ,Miles traveled,563.5635565308316
MG/7,Miles traveled,560.0946535654247
Omoda/5,Miles traveled,548.3179269216367
CHERY/AREZZO8,Miles traveled,548.0082334558927
INEOS/Quartermaster,Miles traveled,546.7039935486638
Jeep/Wagoneer L,Miles traveled,534.6710269935811
BMW/M5 CS,Miles traveled,527.6565601665126
Chevrolet/HHR,Miles traveled,527.5547669094744
Mitsubishi/Eclipse Spyder,Miles traveled,526.7585782677166
MG Rover/RX9,Miles traveled,521.7902665373226
BMW/i7,Miles traveled,516.4974098049032
FIAT/Bravo,Miles traveled,515.6628535389985
Volkswagen/Tayron,Miles traveled,514.7310488195255
Peugeot/3008 GT MHEV AUTO,Miles traveled,512.6134228497675
BYD/Yuan Pro,Miles traveled,512.2793724936797
Jeep/Liberty,Miles traveled,510.59226036107987
Hyundai/Tiburon,Miles traveled,509.8979176217667
FIAT/500e,Miles traveled,508.15870024365876
BMW/2 series Gran coupe 220i,Miles traveled,500.9465467402295
Acura/ILX,Miles traveled,498.6287574134096
Lexus/RX 350L,Miles traveled,498.4257902243855
MG/MG7,Miles traveled,490.99527191099196
Holden/Colorado,Miles traveled,490.10125755479174
Smart/Fortwo,Miles traveled,489.2324441713855
Ford/Torres,Miles traveled,487.6621663975347
Vauxhall-Opel/Crossland,Miles traveled,483.46259829763744
Jettor/T1,Miles traveled,481.7661320033824
Aiways/U5,Miles traveled,479.348653663178
Vauxhall-Opel/Vectra,Miles traveled,478.3719807991582
Honda/Crosstour,Miles traveled,476.8225392330451
Audi/Q8 e-tron,Miles traveled,471.81088248222585
Ram/1500 Ramcharger,Miles traveled,471.15764515356017
Perodua/Bezza,Miles traveled,464.3733434487348
Nissan/Magnite,Miles traveled,463.7901962356435
Mazda/Flair,Miles traveled,462.54025101502106
Mercedes-Benz/GLB 350 EQ,Miles traveled,462.1375247446847
FIAT/Punto,Miles traveled,459.3542701496883
H/AZEERA,Miles traveled,454.7096665317636
Nissan/Micra,Miles traveled,450.4970004363831
Nissan/N6,Miles traveled,442.09647182101776
BYD/Dolphin,Miles traveled,441.8887854210635
Nissan/Note,Miles traveled,441.56488871430815
/elantra,Miles traveled,441.4585412341103
Volkswagen/T6 Transporter,Miles traveled,440.90686075593993
Jetour/JE1,Miles traveled,437.7934956249574
Jak/J7,Miles traveled,436.00850111142887
Jaguar/Fpaec,Miles traveled,434.82763983975406
Peugeot/107,Miles traveled,426.84892989192764
Ford/C-Max Hybrid,Miles traveled,426.7951483064149
BMW/8 Series,Miles traveled,422.73144460040095
/Empo,Miles traveled,419.944846118215
BMW/M135i F40,Miles traveled,418.8493811672953
Mercedes-Benz/EQS,Miles traveled,413.4492751250352
Mercedes-Benz/EQS SUV,Miles traveled,408.7472341002209
MG/ZS,Miles traveled,406.88377497538715
Eagle/Mitsubishi,Miles traveled,405.1662146214119
Chevorlet/selvarado,Miles traveled,395.57776491416405
Subaru/Levorg,Miles traveled,393.07352342767564
Toyota/URBANCRUISE,Miles traveled,392.04808189114067
MG/Marvel R,Miles traveled,389.3357159968955
Hyundai/Stander,Miles traveled,389.2326569615773
MG/e.g. MG5,Miles traveled,385.4393702163087
Citroen/C5X,Miles traveled,385.3750688376075
Toyota/Prius Prime (PHEV),Miles traveled,383.1337343702564
Dodge/Hornet,Miles traveled,381.39293676363457
Ford Taurus/Ford,Miles traveled,380.5644623846538
Mercedes-Benz/B-Class,Miles traveled,377.3031422913899
Citroen/C4 Picasso,Miles traveled,375.87581786155124
Xiaomi/SU7,Miles traveled,375.29937750419145
Alpine/A110S,Miles traveled,373.5160134959353
Buick/Envista,Miles traveled,371.99275936622445
Holden/Cruze,Miles traveled,368.54668204612557
Seat/Mii,Miles traveled,366.11966664266566
Skoda/Slavia,Miles traveled,365.9175297581009
Ram/1500 Classic,Miles traveled,358.642283345179
Mercury/Montego,Miles traveled,348.03494823618706
BMW/R 1200 GS,Miles traveled,347.40608576167983
Maserati/Ghibli,Miles traveled,345.6416372115387
FIAT/500,Miles traveled,345.28321753688704
Peugeot/307,Miles traveled,341.62281180844155
Toyota/Matrix,Miles traveled,337.3303923859859
Genesis/G90,Miles traveled,337.3076204754487
Honda/passportt,Miles traveled,335.4605172628177
Buick/Verano,Miles traveled,335.0505435607707
Vauxhall-Opel/Vivaro,Miles traveled,333.36901981792533
Cupra/Leon ST,Miles traveled,332.13786728524724
Lexus/RC,Miles traveled,329.9495930995403
Mercedes-Benz/E63S,Miles traveled,325.84997001828333
Haval/H6 HEV,Miles traveled,325.8263120023995
FAW JIAXING HAPPY MESSENGER/B70,Miles traveled,319.3343101542277
GMC/Sierra K3500,Miles traveled,318.8921917836259
Genesis/Taycn,Miles traveled,318.659413051988
Toyota/Wigo,Miles traveled,317.14135259163214
BYD/Song Plus EV,Miles traveled,315.8997990067955
Vw/T-roc,Miles traveled,313.64095075625715
VW/2026,Miles traveled,310.68050059225305
Toyota/Corrola,Miles traveled,308.2034189544776
Peugeot/206,Miles traveled,306.46372769634115
Renault/Koleos,Miles traveled,306.36533299391056
Subaru/Baja,Miles traveled,306.2781333322553
Acura/TSX,Miles traveled,305.44121457320426
Lotus/Eletre,Miles traveled,303.81215947075606
Honda/S2000,Miles traveled,298.248198236936
Mazda/RX-7,Miles traveled,298.1868912269968
Peugeot/PARTENAIRE,Miles traveled,297.669448319715
Mitsubishi/Mirage G4,Miles traveled,295.7847836275825
Geely/Coolray,Miles traveled,291.71428383215226
BMW/M5,Miles traveled,288.30045277870164
Changan/CS95,Miles traveled,286.14006063716374
Renault/Trafic,Miles traveled,283.85575653675374
Alfa Romeo/Giulietta,Miles traveled,283.14475751647404
MG/Mg3 hybrid+,Miles traveled,280.3794806370648
Jaguar/E-PACE,Miles traveled,279.8544000651524
Volkswagen/Transporter,Miles traveled,278.3638656990445
Audi/TTS,Miles traveled,269.25360482940056
HUMMER/H2,Miles traveled,267.667492031443
Fard/Turs,Miles traveled,265.53835908909616
Nissan/Sunny,Miles traveled,264.3841157431592
Mercedes-Benz/vclass,Miles traveled,263.7112047913798
Kia/ProCeed,Miles traveled,260.025216408759
Touota/gxbd,Miles traveled,258.2829687135407
BYD/Song Plus,Miles traveled,257.86844540780305
Buick/Encore GX,Miles traveled,253.73990738007623
Isuzu/mux,Miles traveled,253.57051039974198
GWM/Haval,Miles traveled,250.56463380336908
Cadillac/XTS,Miles traveled,250.39393564830814
Mazda/Mazda2,Miles traveled,250.25125845366034
Audi/RS6 C8,Miles traveled,249.8260925125381
Seat/Leon 1.4,Miles traveled,249.70574386027113
Mercedes-Benz/E class coupe,Miles traveled,249.47156444398337
Hyundai/Ix25,Miles traveled,245.16215710970144
Ford/Toros,Miles traveled,243.77741418324172
Hyundai/avanti,Miles traveled,242.43233228355328
Saab/9-5,Miles traveled,240.54592291826458
Mercedes/E350,Miles traveled,238.3392169425462
BYD/K8M,Miles traveled,238.1425687008758
Suzuki/Grand Vitara,Miles traveled,237.8225362931404
Lynk & Co/03,Miles traveled,236.97937546548303
Ceverolet/Silverado,Miles traveled,235.0011993089563
Chevrolet/Groove,Miles traveled,234.04915024143983
Mitsubishi/Galant,Miles traveled,232.29379740090226
Alfa Romeo/MiTo,Miles traveled,231.6615376105258
Cadillac/Seville,Miles traveled,230.04176790388232
GMC/Hummer EV Pickup,Miles traveled,228.69255894018147
Hyundai/Equus,Miles traveled,228.25512843991456
Toyota/T100,Miles traveled,226.73287630335395
Toyota/Land crozr,Miles traveled,225.98711005065869
Mercedes-Benz/GLS-Class,Miles traveled,225.93352088066172
UNI-V/ELITE,Miles traveled,221.2478822579835
Renault/R5 E-tech,Miles traveled,220.18729372709552
Volvo/V50,Miles traveled,218.83823285279144
Seat/Tarraco,Miles traveled,217.7192657024463
JETOUR/LVTDD24B3TDA90109,Miles traveled,217.5389799904492
Toyota/Raize G,Miles traveled,216.86561488979308
Lincoln/MKS,Miles traveled,215.04829680915478
Audi/e-tron GT,Miles traveled,213.89996382849085
Suzuki/Dzire,Miles traveled,210.56641920219116
Nissan/exterra,Miles traveled,208.93769930542942
Chery/Tiggo 8,Miles traveled,208.8283374648026
MINI/JCW Countryman ALL4,Miles traveled,208.04375617467974
Ford/Terretory,Miles traveled,207.47739386201806
BMW/iX1,Miles traveled,207.45070950020926
INFINITI/Q60,Miles traveled,206.35616593344454
BYD/Sealion 6,Miles traveled,204.07923559518434
BYD/Denza b5,Miles traveled,202.08284388122578
MERCEDES-AMG/E53 4MATIC+ EQ BOOST,Miles traveled,201.21495241661736
Alpine/A110,Miles traveled,199.96983737200412
Buick/LeSabre,Miles traveled,199.55578071186622
Ford/E-Series Wagon,Miles traveled,199.47210194231423
Buick/Envision,Miles traveled,198.28624032296693
GAC/EMPOW,Miles traveled,197.48500688894595
Vauxhall-Opel/Zafira,Miles traveled,196.9741866706644
Chevolet/Silverado,Miles traveled,193.64447020729537
Land Rover/Discovery 4,Miles traveled,193.5337643035418
BYD/Seal 5,Miles traveled,190.08821464241672
Peugeot/e-3008,Miles traveled,188.39229918814047
Chevrolet/Caprice,Miles traveled,185.9149415123752
Audi/A6 avant e-tron,Miles traveled,185.8208637484606
Toyota/Auris,Miles traveled,184.8134373859468
Genesis/Electrified G80,Miles traveled,181.17946398543367
Geely/EX5,Miles traveled,179.74036100143627
Perodua/Myvi,Miles traveled,179.10666176813294
Renault/Arkana,Miles traveled,178.65949672255292
Kawasaki/ZR550,Miles traveled,178.46169599896746
Holden/Crewman,Miles traveled,177.4176227447022
Volkswagen/Touareg,Miles traveled,177.0882824068145
Geely/Atlas,Miles traveled,175.04031371824644
Ford/E-Transit Custom,Miles traveled,174.854534879171
MG/ONE,Miles traveled,174.81478473146322
Volkswagen/Teramont,Miles traveled,174.76011429964308
Maruti Suzuki/Jimny Alpha All Grip Pro AT,Miles traveled,173.28471345130765
Bentley/Bentayga,Miles traveled,173.13342786486024
Toyota/Prado,Miles traveled,172.1718415565033
Peugeot/Boxer,Miles traveled,169.4467044853465
Mercedes-Benz/E63s AMG,Miles traveled,168.57860302662607
Ford/Focus ST,Miles traveled,168.5322488253922
OPEL/ASTRA,Miles traveled,166.02841774169755
BMW/Z3,Miles traveled,165.27616332044602
GAC/GS5,Miles traveled,163.85066929133248
Saturn/Aura,Miles traveled,163.6266460894257
Mazda/CX60,Miles traveled,162.40860425684926
Hyundai/HB20S,Miles traveled,160.64582046436243
ROX/ADAMAS,Miles traveled,159.71992931268207
GMC/Hummer EV,Miles traveled,159.1352384971636
Toyota/Bz,Miles traveled,159.13407790077676
Bentley/Brooklands,Miles traveled,158.71427750670014
Volkswagen/Up,Miles traveled,158.15949804190763
BMW/3 Series 346 L,Miles traveled,156.57173154166705
Ora/Funky Cat,Miles traveled,156.54490717217624
DS/DS 7,Miles traveled,155.4997955528867
Peugeot/106,Miles traveled,155.09237066851753
Mercedes-Benz/Cla 45,Miles traveled,154.9228441004719
Mercedes-Benz/EQA,Miles traveled,154.28225852804954
Mazda/Tribute,Miles traveled,152.38401945786407
Renault/Duster,Miles traveled,150.70989041358197
Mitsubishi/Mirage,Miles traveled,149.6588043653264
Xpeng/G6,Miles traveled,149.00148830059632
GMC/Sierra 2500,Miles traveled,148.82834942515606
Lexus/LS 600h L,Miles traveled,145.59031083642333
Rivian/R1S,Miles traveled,144.32955916779295
Opel/Astra L,Miles traveled,141.71070307910466
Ford/Mac e,Miles traveled,141.12270022001292
Volkswagen/Lupo,Miles traveled,140.83088958713378
Mercedes-Benz/Clase A,Miles traveled,137.61111905098997
MG/5,Miles traveled,135.50730830623425
m/m,Miles traveled,135.13358865830892
Dongfeng/A60,Miles traveled,135.05364463067585
Nissan/y62,Miles traveled,133.97137945443635
BYD/Dolphin Plus,Miles traveled,133.82316911900858
Volkswagen/Amarok,Miles traveled,133.60462400035854
Mazda/CX-70,Miles traveled,132.38704079825783
Kia/Sportsge,Miles traveled,132.10102872617801
BMW/550,Miles traveled,131.36550394304285
Seat/Alhambra,Miles traveled,130.7312273873294
Ford/Mustang roush,Miles traveled,130.3944221001246
Chevrolet/Impala Limited,Miles traveled,129.91989394659947
LDV/T60,Miles traveled,129.045412772454
Cupra/Tavascan,Miles traveled,129.0162337419675
Suzuki/Swift Sport,Miles traveled,128.90995978613955
Porsche/718,Miles traveled,127.86572025658258
Hyundai/avante,Miles traveled,124.55954650487344
Polestar/Polestar 4,Miles traveled,124.11567235145209
Hongqi/Ousado,Miles traveled,124.04172825299982
Toyota/bZ,Miles traveled,123.10589604465878
Hondai/Sonata,Miles traveled,122.32634703880406
FIAT/600,Miles traveled,121.81592855385973
Alfa Romeo/Tonale,Miles traveled,121.26939651054764
Dongfeng/A60 Max,Miles traveled,119.33448083216645
Volkswagen/Gol,Miles traveled,118.80850348922023
BMW/2er Gran Coupe,Miles traveled,118.45387223647923
Mercury/Grand Marquis,Miles traveled,117.5647495745169
Jetour/Traveler 2,Miles traveled,117.02294610910783
MINI/John Cooper Works,Miles traveled,116.56372127870368
Wuling/Cloud EV,Miles traveled,114.80844378905478
Mazda/2025,Miles traveled,114.63969823380884
Volkswagen/Nivus,Miles traveled,114.37681510426965
Pontiac/Torrent,Miles traveled,112.41365372124406
Ferrari/488,Miles traveled,112.23341518723026
Jetour/Rav4,Miles traveled,111.96111147254824
AION/V,Miles traveled,111.93467646921566
Nissan/Z,Miles traveled,111.15203270105224
Mazda/CX-7,Miles traveled,110.74977841993214
Ford/E-150,Miles traveled,110.52193524203359
Mercedes-Benz/E Klasse,Miles traveled,110.22849967883673
BMW/320d X-Drive G20,Miles traveled,110.048385842073
Acura/ZDX,Miles traveled,109.93654931988378
MG/MG GT,Miles traveled,109.0752640836352
INFINITI/QX70,Miles traveled,108.02958072310882
Mitsubishi/Lancer Evolution,Miles traveled,107.49146511000237
Mazda/BT-50,Miles traveled,107.40847433504065
Land Rover/Discovery Sport,Miles traveled,106.71126960495671
Nissan/300ZX,Miles traveled,106.70800407778597
Volkswagen/Multivan,Miles traveled,105.5009208674446
Holden/Trailblazer,Miles traveled,104.65637454462913
Jetour/Sqr6480f26ca,Miles traveled,104.47861474868083
BYD/Seal 06,Miles traveled,103.96513046441864
Suzuki/Kizashi,Miles traveled,103.76768850876373
Ford/Excursion,Miles traveled,103.74027848933366
KTM/RC 390,Miles traveled,102.62662994500994
Ford/F-max,Miles traveled,100.99719760968502
Alpine/a110s,Miles traveled,100.49306784391352
Kia/Tasman,Miles traveled,99.53543192304006
Nissan/NV Passenger,Miles traveled,98.83885135920978
Vauxhall-Opel/Zafira B,Miles traveled,98.68221484781382
ROX/Sticon,Miles traveled,97.91942649427199
Vauxhall/Astra,Miles traveled,97.71361707249753
Chevrolet/Orlando,Miles traveled,96.61027048225213
Scion/FR-S,Miles traveled,96.35226475583318
Toyota/Scion xB,Miles traveled,96.0901126236333
Mercedes-Benz/EQE,Miles traveled,94.73923599513306
Dodge/Charger Daytona,Miles traveled,94.16510230771793
Lexus/TX,Miles traveled,92.76571281940352
Audi/SQ6,Miles traveled,92.2302802207806
BMW/520d touring,Miles traveled,91.11847858132582
GWM/Ute,Miles traveled,89.91591875911162
Haval/V7,Miles traveled,88.82625325944755
Jeep/Wagoneer,Miles traveled,87.8459179926519
Peugeot/308 II,Miles traveled,87.75774821235721
Kia/XCeed,Miles traveled,87.38976116533705
Kia/Niro phev,Miles traveled,87.35182914564533
Toyota/Hiace,Miles traveled,87.2964328772493
Volkswagen/Polo Vivo,Miles traveled,87.08387265047875
BMW/X5 M,Miles traveled,87.02916895211088
Ford/Crown Victoria,Miles traveled,86.5957602081529
Kia/Ceed 4,Miles traveled,85.92410289899384
Peugeot/207,Miles traveled,85.1771423829734
Honda/Stepwago,Miles traveled,84.92064423847806
Dacia/Sandero Stepway III,Miles traveled,84.68965227693218
Ford/Tourneo Connect,Miles traveled,84.4920383552673
McLaren/570GT,Miles traveled,84.28071478230423
Volkswagen/Beetle,Miles traveled,84.19203387250556
Kil/Kil,Miles traveled,83.50264729062172
BMW/ALPINA XB7,Miles traveled,82.67156634082154
Cupra/terramar,Miles traveled,80.26846919465588
Chevrolet/Tracker,Miles traveled,80.24887488689156
BYD/Seagull,Miles traveled,79.48442693385775
Peugeot/Expert,Miles traveled,79.1448750541687
Volkswagen/Taigun,Miles traveled,79.140297251735
Toyota/Yares,Miles traveled,79.04690996604101
Kia/Stonic,Miles traveled,78.19772836516803
Chery/Tiggo 4,Miles traveled,77.7070440034199
Kia/Sportage 2,Miles traveled,76.62427358188187
VW/Atlas,Miles traveled,76.20085875849581
Hyundai/Veracruz,Miles traveled,75.6957857938894
Subaru/Crosstrek Wilderness,Miles traveled,75.24991319389973
Suzuki/Dezire,Miles traveled,75.03048545012115
Aixam/Crossover,Miles traveled,74.83244422858932
SsangYong/Tivoli,Miles traveled,74.53209599467903
Gac/Emkoo,Miles traveled,74.11972718242916
Mistubishi/ASX,Miles traveled,73.20686063831347
Mitsubishi/Eclipse Cross,Miles traveled,73.00274859431084
COBRA INDUSTRIES/Jeep wrangler 2018,Miles traveled,72.97381851929596
BYD/Denza B8,Miles traveled,72.9166814539083
Volkswagen/Golf 1.5 eTsi,Miles traveled,72.57969833735508
Honda/tracker,Miles traveled,72.35408564264898
Mercedes/Actros,Miles traveled,71.5355358477389
GAC/GS4,Miles traveled,71.52675727878047
BMW/520 d xdrive,Miles traveled,70.93801711149786
GMC/Sierra 1500 elevation,Miles traveled,70.40620791130051
K/K,Miles traveled,69.76112099411802
Jetour/T1 i-DM,Miles traveled,69.68271826557485
Peugeot/e-2008,Miles traveled,69.07625580568325
INFINITI/G37 Coupe,Miles traveled,68.77509865963503
Nissan/240SX,Miles traveled,67.07421933698618
BMW/6 Series,Miles traveled,66.40924836615403
Iveco/Z220,Miles traveled,66.38826793934764
Mazda 6/6,Miles traveled,66.16853893207548
Mercedes-Benz/Viano,Miles traveled,65.29483822213352
Dongfeng/Vigo,Miles traveled,65.05122434734335
Forthing/S7 Reev,Miles traveled,63.035638821216125
Ford/Turs,Miles traveled,62.68635131908563
Polaris/Axys,Miles traveled,62.681061198082226
MG/Comet,Miles traveled,61.799226250819835
Jaecoo/J7,Miles traveled,61.75756903224704
Alfa Romeo/Junior,Miles traveled,61.02577863142088
Chery/Tiggo 8 Pro,Miles traveled,60.86533580081353
Ford/broncosportt,Miles traveled,60.80944257504932
Nissan/Y61,Miles traveled,60.09744988902193
GMC/Sierra EV,Miles traveled,60.0968309682077
Toyota/Frontlander,Miles traveled,59.07847171011759
BMW/XM,Miles traveled,59.01490827511195
FOXTRON/Bria,Miles traveled,58.590708361313276
Audi/SQ8,Miles traveled,58.35538075439383
INFINITI/M,Miles traveled,58.1184230563144
Mitsubishi/X-Force,Miles traveled,57.952808066667295
Nissan/Titan XD,Miles traveled,57.437936584980605
Mercedes-Benz/GLE 350 DE,Miles traveled,56.254466269210475
Ford Ranger/Raptor,Miles traveled,54.40896586041674
BYD/Sealion 7,Miles traveled,54.40630424232192
Toyota/Allion,Miles traveled,54.24665201681984
Hyundai/Santa Fe diesel,Miles traveled,53.935380218548964
Mercedes-Benz/SL-Class,Miles traveled,52.67401694439803
Skoda/Enyaq,Miles traveled,52.32926344556108
Peugeot/306,Miles traveled,52.06381112945102
Volkswagen/Skoda,Miles traveled,51.70104260839359
Ferrari/Roma,Miles traveled,51.63160268229315
Lotus/Evora,Miles traveled,51.416003823094734
Kia/EV5,Miles traveled,51.00284159436096
Chevrolet/C5,Miles traveled,50.228160868088466
Mercedes-Benz/C 200 CDI,Miles traveled,49.97934195850857
Mitshubishi/ASX,Miles traveled,49.673901168085315
Nissan/Partol,Miles traveled,49.61031663603243
Chery/Arrizo 6 pro,Miles traveled,49.160797775698256
Jeatour/T2,Miles traveled,48.99315004729674
Mercedes-Benz/GLK-Class,Miles traveled,48.46919966738281
Kia/Sorento HEV,Miles traveled,48.08961809787096
Renault/5 E Tech,Miles traveled,47.68585501370075
Rais/ToYoTa,Miles traveled,47.655792154591666
Lincoln/Aviator,Miles traveled,47.125045677457635
Dacia/Logan 3 PH2,Miles traveled,47.08723172126627
Cruze/2026,Miles traveled,46.97256487635786
XPENG/G6,Miles traveled,46.24892203235351
Toyota/Toyota,Miles traveled,46.05120405884446
Mazda/5,Miles traveled,46.00721279060754
Audi/Q6,Miles traveled,45.98312605418348
Volvo/V90 CC,Miles traveled,45.80264339969924
Renault/Captur Gpl 1.0 TCE,Miles traveled,45.48439807063608
Maruti Suzuki/S-Cross,Miles traveled,45.42785553327
Buick/Regal,Miles traveled,45.1664610513444
Great Wall/Joulin,Miles traveled,45.025572073990894
Ford/Ka,Miles traveled,44.91176053749414
Hyundai/Staria,Miles traveled,44.47337744565898
BMW/X1 25e,Miles traveled,44.275367471558006
Audi/sq6,Miles traveled,44.227468916943366
Subaru/Tribeca,Miles traveled,43.970351317260366
BMW/X7 40d,Miles traveled,42.26179510462395
Mazda/626,Miles traveled,40.52148396926841
Proton/x70,Miles traveled,40.27962306457524
Toyota/Yaris hibrid,Miles traveled,40.04187834278077
Lynk & Co/01,Miles traveled,39.84140275753952
Subaru/WRX STI,Miles traveled,39.551630033138736
smart/#3,Miles traveled,39.305856909177756
MINI/cooperclubmansd,Miles traveled,38.825939143832116
Chevrolet/Express Cargo,Miles traveled,38.70317228825313
Audi/SQ2,Miles traveled,38.52062527576425
Ford/Turis,Miles traveled,38.27571604166822
Vauxhall-Opel/Grandland,Miles traveled,37.99784236062577
Ford/Ranger XLS,Miles traveled,37.82112186669162
Hyundai/Ionic5,Miles traveled,37.81589217813159
Kia/Soul EV,Miles traveled,37.56963697162964
Mazda/Demio,Miles traveled,37.50104351543121
Land Rover/Defenber,Miles traveled,37.12110006862653
Dacia/Sandero Stepway,Miles traveled,36.93677957233643
Kia/Bongo,Miles traveled,36.84534826234694
ZERO MOTORCYCLES/S,Miles traveled,36.819642113560306
Mercedes/C350e,Miles traveled,36.602740866441145
Holden/Rodeo,Miles traveled,36.59755267897147
Toyota/Hilux sr5,Miles traveled,36.40152973075171
Ford/Transit Custom Westfalia,Miles traveled,35.49158396622811
Mercedes/Cls,Miles traveled,35.398405776474355
Acura/CL,Miles traveled,35.26269224199681
Mercedes-Benz/GLE53,Miles traveled,35.05198500746546
BMW/328Ci,Miles traveled,34.89689953687185
GMC/Sierra 3500HD,Miles traveled,34.47826374694653
Honda/WR-V,Miles traveled,34.271154921782255
Toyota/SIENTANCP81G,Miles traveled,34.14366204383125
Nissan/Pulsar,Miles traveled,33.79556783691116
Skoda/Kodiaq,Miles traveled,33.34590061499649
Volkswagen/Fox,Miles traveled,33.051623241094674
BMW/R1250GS,Miles traveled,32.954119504371846
Toyota/MR2,Miles traveled,32.85123884793982
Pontiac/G8,Miles traveled,32.73042043467946
Chery/Omoda E5,Miles traveled,32.328062940022626
FIAT/Pulse,Miles traveled,32.063407596180944
Ford/Explorer ST,Miles traveled,31.883138232906518
BMW/3 Series xDrive,Miles traveled,31.465112822927665
FIAT/Grande Panda,Miles traveled,31.42329041829784
Deepal/S07,Miles traveled,31.261831015308623
Pontiac/Montana,Miles traveled,30.8130098831114
smart/forfour,Miles traveled,30.805727738527846
BMW/530d Touring,Miles traveled,30.750708086085723
Haval/Haval Read Wall Power,Miles traveled,30.581346871475287
Changan/Deepal S07,Miles traveled,30.443752180181345
Honda/Brio,Miles traveled,30.410663515961463
Hyundai/I30 pd,Miles traveled,30.400051831868808
Mercedes-Benz/GLC 220D,Miles traveled,30.067212883033502
Volkswagen/Touareg 2,Miles traveled,29.835114385463026
Maruti Suzuki/Baleno,Miles traveled,29.664571952137813
INTERNATIONAL/LA647,Miles traveled,29.621187864926593
Nissan/Ariya,Miles traveled,29.62026616455745
Toyota/Ears,Miles traveled,29.610678464617447
Vauxhall-Opel/Meriva,Miles traveled,29.30363275136353
Toyota/Altezza,Miles traveled,29.24482083692019
Vauxhall-Opel/Karl,Miles traveled,29.186503200940184
Porsche/Macan S,Miles traveled,29.137950304021953
BYD/Han,Miles traveled,28.854500035880527
Chery/Omoda 5,Miles traveled,28.773011965649477
Ford/Ranger Wildtrak,Miles traveled,28.72284363661424
Toyota/Landcruiser Prado,Miles traveled,28.41587105210671
BMW/E46 touring,Miles traveled,28.365045661325038
Nissan/Almera,Miles traveled,28.203301352916142
Lexus/HS,Miles traveled,28.155846014372262
Hyundai/Inster,Miles traveled,27.884502361090636
Honda/Honda City,Miles traveled,27.884185953863415
OPEL/Mokka,Miles traveled,27.668119491746864
Toyota/Verso,Miles traveled,27.370298923187452
Mazda/CX-80,Miles traveled,27.250279351630596
Toyota/Camery,Miles traveled,27.222149623268344
BMW/6 Series Gran Coupe,Miles traveled,27.204640504783576
Mersedec/Ggg,Miles traveled,26.6330395705301
Mercedes/E 200 CDI,Miles traveled,26.621046080929275
BYD/K11M,Miles traveled,26.592490788379397
Mitsubishi/Eclipse,Miles traveled,26.57516260573625
Suzuki/Spacia,Miles traveled,26.527764591779455
Chevrolet/S-10 Max,Miles traveled,26.466168726777422
Toyota/vios,Miles traveled,26.459995407085415
Land Rover/Discovery 5,Miles traveled,26.419256526355795
Chevy/Impala LTZ,Miles traveled,26.388352389028036
Jaecoo/J8,Miles traveled,26.3796823104641
Dacia/Bigster,Miles traveled,26.344648795654727
Chrysler/Voyager,Miles traveled,26.313343032972682
Renault/5 E-Tech,Miles traveled,26.160544153775902
Jaguar/S-Type,Miles traveled,26.151305604592157
INFINITI/FX35,Miles traveled,25.939040396888327
Chery/Tiggo 1x,Miles traveled,25.90721077476498
Changan/UNI-T,Miles traveled,25.716506244800996
Chevrolet/Express,Miles traveled,25.60615639419579
Kia/Stinger GT,Miles traveled,25.53700910199011
Mercedes /Actros,Miles traveled,25.51157032436836
MINI/Cooper sport convertible,Miles traveled,25.422564808368378
MG/6,Miles traveled,25.021916391544803
Hyundai/aslan,Miles traveled,24.91028697345922
Honda/Vanmos,Miles traveled,24.889321165738355
Omoda/E5,Miles traveled,24.879970093679603
Seat/Altea,Miles traveled,24.53593664368383
Toyota/2025,Miles traveled,24.488748654876677
Audi/q550tfsie,Miles traveled,24.014924868034512
Seat/Cordoba,Miles traveled,23.953697422273994
GAC/MZOOM .S3,Miles traveled,23.95308145142581
Mercedes-Benz/AMG GT,Miles traveled,23.512796965650992
FIAT/Freemont,Miles traveled,23.39912566872854
MG/MG one,Miles traveled,23.34121351951106
Pontiac/Solstice,Miles traveled,23.014688939394464
MINI/Cabrio,Miles traveled,22.906818600718047
MERCEDES-AMG/E-Class,Miles traveled,22.60708997303366
Jeep/Commander,Miles traveled,22.47974341161677
Mercedes-Benz/GLE,Miles traveled,22.42005068316426
Renault/Megane E-TECH,Miles traveled,22.4076026289916
Nissan/Altima Hybrid,Miles traveled,22.32618060937653
Buick/Enclave,Miles traveled,22.297882014539766
T01 BAW212/BAW212,Miles traveled,22.21861006762456
Chevrolet/Cavalier,Miles traveled,21.353666394905552
Forf/Taurus,Miles traveled,20.906197992581664
Dodge/Charger Scat Pack,Miles traveled,20.81739052675692
Honda/e,Miles traveled,20.560965227295917
Perodua/ATIVA,Miles traveled,20.5153975826976
Chery/Tiggo 9,Miles traveled,20.465644090644233
SPREUER & SON/Spreuer & Son Inc.,Miles traveled,20.105515950359692
BMW/2 Series Active Tourer,Miles traveled,19.82715706473723
Ford/Ranger PX3,Miles traveled,19.732333703304242
/Ford,Miles traveled,19.693706423451037
BMW/Bmw x3,Miles traveled,19.640643865343822
Land Rover/Velar,Miles traveled,19.54256157211197
Toyota/Cross Hybrid,Miles traveled,19.349568417462706
Pontiac/Firebird,Miles traveled,19.341012864220367
Volkswagen/Bora,Miles traveled,19.197130934883145
BMW/435i,Miles traveled,19.15510786941013
MG/Hector Plus,Miles traveled,19.152308756714884
Honda/Prelude,Miles traveled,19.026338950387498
Toyota/Supra,Miles traveled,19.005872866615483
Jeep/Wagoneer S,Miles traveled,18.680923794413335
Hyundai/Alcazar,Miles traveled,18.593452640177603
Renault/Symbioz,Miles traveled,18.442399191087308
Tesla/Model X,Miles traveled,18.152697526625285
Chevrolet/Cobalt,Miles traveled,18.1492040594831
Toyota/Gdggs,Miles traveled,17.96534526843712
BMW/6 Series Gran Turismo,Miles traveled,17.712248658036625
BMW/6 Series Grand Coupe,Miles traveled,17.597480604991667
Mazda/323,Miles traveled,17.593386700057426
Mfr/Gfraaa,Miles traveled,17.567351274569234
Alfa Romeo/147,Miles traveled,17.52912087387581
Buick/Regal Sportback,Miles traveled,17.418880367008185
Mercedes-Benz/EQV,Miles traveled,17.41014432116389
Mercedes-Benz/Citan,Miles traveled,17.32419720206556
Alpine/A290,Miles traveled,17.316470733930192
Mercedes/W203,Miles traveled,17.23397470665419
Harley-Davidson/Road Glide,Miles traveled,17.112689961806012
Mercedes-Benz/S-Class 560,Miles traveled,16.825515029500462
Suzuki/Fronx,Miles traveled,16.628488696145755
MINI/R52,Miles traveled,16.61703080681759
Ford/Figo,Miles traveled,16.392528434220022
Audi/SQ5 TDI,Miles traveled,16.33860553134485
MG/4,Miles traveled,16.304174095879972
Mercedes-Benz/SLK 250,Miles traveled,16.22312007159774
Mazda/CX-8,Miles traveled,16.05065345693649
GWM/Ora,Miles traveled,16.004407018248223
Hyundai/Ionic 5,Miles traveled,15.87906063155908
Toyota/Avalon Limited full option,Miles traveled,15.75223584385794
Toyota/SIENTA,Miles traveled,15.521005269728459
Audi/SPB 40 TDI QUATTRO 204CV - GM136TE,Miles traveled,15.307358411176244
Buick/Century,Miles traveled,15.095165866183427
Toyota/Aqua,Miles traveled,14.91213757286944
Porsche/Panamera 4,Miles traveled,14.8702793933684
Fisker/Ocean,Miles traveled,14.866936668930055
Audi/eTron 50,Miles traveled,14.781356212119002
Volkswagen/T6,Miles traveled,14.707887392010647
Honda/NC700X,Miles traveled,14.673270686980178
Harley-Davidson/Electra Glide,Miles traveled,14.627987102470488
Suzki/Swift,Miles traveled,14.532133380443948
Mahindra & Mahindra/Scorpio N,Miles traveled,14.412868248601313
Abarth/500,Miles traveled,14.305757496138948
BYD/Leopard 5,Miles traveled,14.091836358415536
Honda/Accord Plug-In Hybrid,Miles traveled,14.0635324030865
Hongqi/E-HS9,Miles traveled,13.806726644207213
Volkswagen/Sharan,Miles traveled,13.7475735753662
Tata/Tiago,Miles traveled,13.735650812281197
FIAT/Idea,Miles traveled,13.733888258335515
Volkswagen/Golf Plus,Miles traveled,13.664155437558929
BMW/I4 M50,Miles traveled,13.652330426251362
Lexus/NX 450h+,Miles traveled,13.586852721559298
OPEL/Vectra,Miles traveled,13.573470684282354
Bentley/Continental GT,Miles traveled,13.36544678876538
Ford/Tores,Miles traveled,13.083126932227591
Chevrolet/Chevrolet Captiva,Miles traveled,13.051877400431971
Ford/Mustang GT,Miles traveled,12.862128003121713
Mercedes-Benz/ML 350,Miles traveled,12.476427137615918
Audi/RS 7,Miles traveled,12.42757217802668
Cadillac/DTS,Miles traveled,12.378360117229326
OPEL/Crossland,Miles traveled,12.201800008515338
Volkswagen/Crafter,Miles traveled,11.945376402692444
Mercedes-Benz/E 250,Miles traveled,11.886754919747746
Nisan/Patrol,Miles traveled,11.803223678650616
Scion/iM,Miles traveled,11.796017354105883
Chevrolet/Scala,Miles traveled,11.79110268694276
Lexus/SC 300,Miles traveled,11.723335425317002
Toyota/Picnic,Miles traveled,11.486897479810837
MG/IM6,Miles traveled,11.409777868698832
Opel/Mokka,Miles traveled,11.256076103982739
FIAT/Tipo,Miles traveled,11.230728696459265
Saturn/VUE,Miles traveled,11.14607267137945
MG/MGB,Miles traveled,11.01380669856339
Honday/SONATA,Miles traveled,10.958464135124013
Volkswagen/ID.3 Pro S,Miles traveled,10.813576913185006
Mercedes-Benz/EQE SUV,Miles traveled,10.780623137438333
Toyota/landcruiserlandcruiserprado,Miles traveled,10.734665548811671
Mitsubishi/L200,Miles traveled,10.565646512222527
Ford/Capri,Miles traveled,10.493322188450875
Hyundai/ix35,Miles traveled,10.452063221698756
Kia/sporttageephev,Miles traveled,10.356667172472019
Ford/Galaxy,Miles traveled,10.338908218660134
Lexus/LC,Miles traveled,10.333062646848287
Subaru/Trailseeker,Miles traveled,10.282252099048582
BMW/730 li,Miles traveled,10.253582873397008
Perodua/Axia,Miles traveled,10.138754422359405
BMW/M2 Competition,Miles traveled,10.125669419676385
Alfa Romeo/159,Miles traveled,10.096442563696177
BMW/M135i,Miles traveled,9.919648190217954
Toyota/Land Crusier,Miles traveled,9.87542902450455
FIAT/595,Miles traveled,9.80280539432991
Jeep/Wrangler JKU,Miles traveled,9.68027838544115
Volkswagen/ID7 Tourer,Miles traveled,9.679147365639942
BMW/E46 M3,Miles traveled,9.63367900957774
VinFast/VF8 Plus,Miles traveled,9.59203400598087
Aixam/eCrossover Premium,Miles traveled,9.516463021984999
Ram/ProMaster Window Van,Miles traveled,9.495147472204069
Kia/K900,Miles traveled,9.471503483477852
Mercedes-Benz/EQB 300w4,Miles traveled,9.286219533063298
Harley-Davidson/Street Glide,Miles traveled,9.252370860997992
Genesis/G80 sport,Miles traveled,9.056139950684669
Skoda/Octavia,Miles traveled,8.937964376841459
MINI/Electric,Miles traveled,8.887841722706884
BMW/2 Series Plug-in Hybrid,Miles traveled,8.874069004267243
Renault/Grand Scenic,Miles traveled,8.737195498344912
Chevrolet/Spin,Miles traveled,8.67483496529617
Chery/Tigo,Miles traveled,8.66941321289473
Skoda/Fabia,Miles traveled,8.65053481192744
BMW/320xd,Miles traveled,8.636052480857929
FIAT/Fullback,Miles traveled,8.406815678175166
Kia/Sportage L,Miles traveled,8.385992227662946
INTERNATIONAL/MV607,Miles traveled,8.165201918292244
Mercury/Milan,Miles traveled,8.095737056812153
BMW/ActiveHybrid X6,Miles traveled,7.990375978216195
Land Rover/discoverysportt,Miles traveled,7.916694686091727
Mitzabishi/Outlander,Miles traveled,7.902399143384583
Skoda 85/Elroq,Miles traveled,7.873664393970582
Isuzu/Mu-x,Miles traveled,7.864508536702053
BMW/E Series,Miles traveled,7.777563418886951
Tata/Nexon,Miles traveled,7.697718624971139
Subaru/Gs3,Miles traveled,7.589919982471618
Volkswagen/ID.6,Miles traveled,7.462125440882079
Audi/Q6 Sportsback  e-tron,Miles traveled,7.378906714241215
Suzuki/XL7,Miles traveled,7.333148532545988
Citreon/Dispatch,Miles traveled,7.232990874683344
Suzuki/Ciaz,Miles traveled,7.167623250481712
Skoda/Superb,Miles traveled,7.15289493595586
Mercedes-Benz/C 200 D,Miles traveled,7.049548857914937
GMC/Seira,Miles traveled,7.03933661937017
Hyundai/Elantra N,Miles traveled,7.0305807216610035
Ligier/JS50,Miles traveled,6.948156204712079
MINI/Cooper s Cabriolet,Miles traveled,6.92630015562283
BMW/M340i xDrive,Miles traveled,6.921617097886652
SsangYong/Rexton,Miles traveled,6.916552710264123
Volvo/945,Miles traveled,6.73270252235898
Gac/Empow,Miles traveled,6.685989142665235
Volkswagen/ID.4 GTX,Miles traveled,6.66052927120184
Peugeot/505,Miles traveled,6.592945705837696
Kia/Pegas,Miles traveled,6.583676698229827
BMW/iX2,Miles traveled,6.5736328708793685
Kia/Soluto,Miles traveled,6.543989807744799
Dodge/Ram 2500,Miles traveled,6.414907311374836
BMW/4,Miles traveled,6.246895155287161
BMW/530xd,Miles traveled,6.208242656728947
Hyundai/IONIQ 9,Miles traveled,6.131501213381629
Jaguar/XKR,Miles traveled,6.057128028195625
Cadillac/ELR,Miles traveled,6.050944477836097
Cfmoto/Cforce,Miles traveled,6.029464157482866
BMW/X1 sDrive 18i,Miles traveled,5.927926646010993
Seres/5,Miles traveled,5.90385398089587
Volkswagen/Rabbit,Miles traveled,5.902219539157333
Chevrolet/S-10,Miles traveled,5.877431395361478
Jaecoo/J7 PHEV,Miles traveled,5.81810232655661
MG/ZS Hybrid+,Miles traveled,5.7523790968254085
Honda/Shuttle,Miles traveled,5.7077869218893555
Changan/s,Miles traveled,5.657149187691039
Toyota/LC 250,Miles traveled,5.634856477309502
ZEEKR/7x,Miles traveled,5.603285038617237
Porsche/987.1,Miles traveled,5.57404563720206
Geely/Geely preface,Miles traveled,5.387875739264452
Jetour/T1,Miles traveled,5.336614328381974
Suzuki/S-Cross,Miles traveled,5.2838800680885
Seat/Mii electric,Miles traveled,5.259791125545331
Dodge/Rampage,Miles traveled,5.242714064628823
GWM/Haval H6 Gen3 HEV,Miles traveled,5.0859870412817445
Chevrolet/Sail,Miles traveled,5.077905882021117
Changan/UNI-S,Miles traveled,5.012195654095342
Koria/Sornto,Miles traveled,5.003737405338657
Volkswagen/Beetle Convertible,Miles traveled,4.941894238340439
GMC/Safari,Miles traveled,4.9265215317817646
Proton/Saga VVT,Miles traveled,4.615624422471634
Peugeot/407,Miles traveled,4.615192005581571
Cadillac/SRX,Miles traveled,4.606438043281628
GAC Aion/Y,Miles traveled,4.604104023944116
Peugeot/E208,Miles traveled,4.603394267648597
BMW/X3 30d,Miles traveled,4.5891753541188125
Volkswagen/Tiguan Allspace black,Miles traveled,4.579206321994707
Chevrolet/Montana,Miles traveled,4.576382479283156
Peugeot/508 SW,Miles traveled,4.493487457668553
Kia/Ceed 2,Miles traveled,4.482147048745669
Toyota/Sedan,Miles traveled,4.478994022648968
Hyundai/Verna,Miles traveled,4.445948275160152
Kia/Niro EV 4,Miles traveled,4.204246272420007
BMW/Series 2,Miles traveled,4.188311787978946
Ford/Transit Custom,Miles traveled,4.126866522492429
Mercedes/Citan,Miles traveled,4.112436882540371
BYD/Denza,Miles traveled,4.063416644953771
Test/Gateway,Miles traveled,4.06116831618958
BMW/325Ci,Miles traveled,4.028948359106626
Mercedes-Benz/V-Class,Miles traveled,3.9218703418434324
Seat/Atecq,Miles traveled,3.9080888190587206
Toyota/Corala,Miles traveled,3.874832696423878
Audi/Audi A4 Avant,Miles traveled,3.7703199382237607
OPEL/Zafira B,Miles traveled,3.757088762473171
Chevrolet/Caprice Police Vehicle,Miles traveled,3.737058754157067
Daihatsu/Terios,Miles traveled,3.7225492194420884
VinFast/VF8,Miles traveled,3.6631051274245396
Suzuki/Ignis,Miles traveled,3.6558562800024292
Dodge/Stratus,Miles traveled,3.6256129947791154
Chevrolet/Prisma,Miles traveled,3.615248238752851
Volkswagen/T6.1 California,Miles traveled,3.581071960244985
MG/MG IM5 Std Range,Miles traveled,3.497408789265227
Dacia/Lodgy,Miles traveled,3.4593121115560868
Mercury/Sable,Miles traveled,3.434137069741678
Kia/2026,Miles traveled,3.3903148492607413
Jaguar/XK8,Miles traveled,3.384733865561694
Jgfhvff/Hycfh,Miles traveled,3.272361867233918
Porsche/981,Miles traveled,3.261078438772353
Hyundai/verna,Miles traveled,3.2110766981206584
Renault/Megane 2,Miles traveled,3.169684572257957
Porsche/Boxster,Miles traveled,3.1381537445063303
Land Rover/Freelander,Miles traveled,3.132665791809639
Toyota/Levin,Miles traveled,3.108086241008348
BMW/525xi,Miles traveled,3.0715389381206393
Vauxhall-Opel/Combo,Miles traveled,3.0635940689292305
Toyota/Hilux SR5,Miles traveled,2.9924915616267365
Mercedes-Benz/EQA 300,Miles traveled,2.941105396861917
MG/Mg7,Miles traveled,2.922796471495525
BMW/F30,Miles traveled,2.914094591513578
Chevrolet/Matiz,Miles traveled,2.8871700049912077
Mercedes-Benz/B 180,Miles traveled,2.86946632907548
Jeep/Compass e hybride plug in,Miles traveled,2.8212257127846425
Ligier/Myli,Miles traveled,2.782596124915474
Chery/Tiggo 8 pro max,Miles traveled,2.7666784717629227
Volvo/C70,Miles traveled,2.7181901196181713
Hyundai/HB20,Miles traveled,2.715133349822936
Changan/CS55 PLUS,Miles traveled,2.714036485904908
Mercedes-Benz/GLC 300d,Miles traveled,2.7109091668592447
Peugeot/RCZ,Miles traveled,2.6857538388983397
VW/Polo,Miles traveled,2.6632187032087637
Geely/Okavango,Miles traveled,2.646810350728827
Toyota/Coco,Miles traveled,2.6249812964022703
Elntra/2026,Miles traveled,2.622996946624245
Changan/Nevo Q05,Miles traveled,2.6070590542507146
Vauxhall-Opel/Antara,Miles traveled,2.5481174495643915
Geely/Starray,Miles traveled,2.536580453914528
Audi/A6 e-tron,Miles traveled,2.4785581506019403
FIAT/Punto Classic,Miles traveled,2.438335993823604
Toyota/SAI,Miles traveled,2.3821137042453424
BMW/3 seri,Miles traveled,2.2968886390445364
Citroen/C5 Aircross,Miles traveled,2.2848350863343403
Audi/Audi A4 Avant 2.0 TDI,Miles traveled,2.23700778723831
Ford/Explorer Sport Trac,Miles traveled,2.227477412596068
Mercedes-Benz/glce,Miles traveled,2.21519655836705
Toyota/Wish,Miles traveled,2.19824791952931
MINI/F55,Miles traveled,2.1945733149683426
Hyundai/Aura,Miles traveled,2.187089352915602
Porsche/968,Miles traveled,2.1541181878670836
Ford/Thunderbird,Miles traveled,2.127661736858296
Mercedes-Benz/EQA 250+,Miles traveled,2.1116308468475897
BYD/DM-i,Miles traveled,2.0175339313439653
Nissan/Livina,Miles traveled,2.009369605980467
FAW/B70,Miles traveled,2.0031520102013167
Changan/CS85,Miles traveled,1.9866085332678298
Mitsubishi/Space Star,Miles traveled,1.9650297026926271
Chrysler/Sebring,Miles traveled,1.951969837990126
Peugeot/Partner,Miles traveled,1.9462596101846377
Mitsubishi/Lancer Sportback,Miles traveled,1.9086962213589334
Hyundai/Stargazer X,Miles traveled,1.9038698121266184
GAC/empow,Miles traveled,1.891530577617438
DR/5.0,Miles traveled,1.87425884969429
BMW/M3 CS,Miles traveled,1.8719364696423628
Mitsubishi/Pajero Pinin,Miles traveled,1.8360478318919156
Mercedes-Benz/C63s,Miles traveled,1.833683667023248
Nissan/Qashqai +2,Miles traveled,1.8330023656706165
Dacia/Duster 3,Miles traveled,1.8284856871776358
International/Travelall,Miles traveled,1.82136057318119
Mercedes-Benz/CL-Class,Miles traveled,1.8055825148885583
Ford/Tuarus,Miles traveled,1.7990804783782404
Yamaha/NMAX,Miles traveled,1.7863354446428048
Renault/Laguna,Miles traveled,1.7401300294393507
Changan/CS55,Miles traveled,1.7351183895703803
Omoda/Omoda 5 shs,Miles traveled,1.691775964380596
Hundai/Accent,Miles traveled,1.6875487603547583
Volkswagen/Caddy 5th,Miles traveled,1.667796363479801
Alfa Romeo/Giuletta,Miles traveled,1.6593424715543181
Volvo/V60CC,Miles traveled,1.6380975834965885
Citroen/C3 Aircross,Miles traveled,1.63214886230831
MINI/Cooper cabrio,Miles traveled,1.624426263278385
Toyota/Corolla HB/TS,Miles traveled,1.6018725604032467
Suzuki/Balino,Miles traveled,1.578101092346492
Hyundai/Ioniq 9,Miles traveled,1.5754166777008747
Hummer/H3,Miles traveled,1.5602031517529271
Volkswagen/T6.1 California Ocean,Miles traveled,1.5491882874097842
Honda/Civic 1.7 Lx,Miles traveled,1.526747098112385
Toyota/86,Miles traveled,1.5081424578159741
Lynk & Co/02,Miles traveled,1.4922234205071438
G700/G700,Miles traveled,1.4508077048494428
Lexus/RX 400h,Miles traveled,1.4470642198783368
Chevrolet/Cruise,Miles traveled,1.4214545822759135
Geely/Azkarra,Miles traveled,1.4107731531867986
Rebault/Kangoo,Miles traveled,1.4011956068886282
MARAUDER TRAVELERS INCORPORATED/Mazda cx-5,Miles traveled,1.3806848317048395
Jetor/T2,Miles traveled,1.359879106121696
Opel/Crossland,Miles traveled,1.3574310913441185
BMW/3 Series E90,Miles traveled,1.344788591202119
Proton/Suprima,Miles traveled,1.330201089736417
Chevrolet/Cruze Limited,Miles traveled,1.3256260090610061
OPEL/Grandland,Miles traveled,1.289786519858199
Proton/e.Mas7,Miles traveled,1.2698303495182914
Mazda/6 GJ,Miles traveled,1.240701321706282
FIAT/Grande Punto,Miles traveled,1.2248927299821133
Chrysler/Crossfire,Miles traveled,1.1838507511882437
Lincoln/MKC,Miles traveled,1.1832495757206085
ZEEKR/Preface,Miles traveled,1.1625008839380624
Nissan/march,Miles traveled,1.151936464041627
Maxus/Deliver 9,Miles traveled,1.1169747548898588
GAC Aion/Y Plus,Miles traveled,1.1117061671350743
Toyota/Corolla SEG HEV,Miles traveled,1.1089311755537807
Ford/Teratori,Miles traveled,1.1084204840490364
Kia/Soney,Miles traveled,1.1027728291787127
OPEL/Astra Sports Tourer,Miles traveled,1.0681563454913447
Toyotq/4runner,Miles traveled,1.0491332536703153
Maserati/Quattroporte,Miles traveled,1.0222681113668353
Ferrari/812,Miles traveled,1.0184113511794428
Huindai/Accent,Miles traveled,1.015878689004929
Toyota/Vios,Miles traveled,1.0106673635318717
Renault/Master,Miles traveled,0.9913267220033717
Honda/Vezel,Miles traveled,0.9826376922362448
Haval/F7,Miles traveled,0.9515705722526931
Hyudai/Santa Fe,Miles traveled,0.9389177756456945
Dodge/Neon,Miles traveled,0.9373231452169446
Chevrolet/SS,Miles traveled,0.9349699203038659
Kia/Morning,Miles traveled,0.9146726299942449
Toyota/Proace,Miles traveled,0.9100285070808876
FIAT/Abarth 124 Spider,Miles traveled,0.8847407849841543
BMW/750xi,Miles traveled,0.8843678647426241
Acura/ADX,Miles traveled,0.8822184205840201
LDV/400 Convoy,Miles traveled,0.8587964729095823
Mercedes-Benz/EQB250+,Miles traveled,0.8508094875121001
Mahindra/Xev 9e,Miles traveled,0.8427672223180647
Acura/RLX,Miles traveled,0.8368090327014402
Nissan/2026,Miles traveled,0.8233174751676307
Volvo/S80,Miles traveled,0.8112977545208412
Hyundai/Kauai,Miles traveled,0.8095542134294408
Skoda/Elroq,Miles traveled,0.8067908220332524
BMW/1,Miles traveled,0.7671505081402107
Citroen/C4,Miles traveled,0.7571997686785747
Volkswagen/amarok life,Miles traveled,0.7530999931834172
Ford/B-Max,Miles traveled,0.7509210345881951
INFINITI/QX55,Miles traveled,0.7469265269933802
G/2021,Miles traveled,0.7417243073739339
DS/DS 4,Miles traveled,0.7266397305889949
Changan/CS35 Plus,Miles traveled,0.723929763791595
Chevrolet/Chevy Van,Miles traveled,0.7040503258129324
Ford/Focus ST Edition,Miles traveled,0.6912239631851026
Ford/Independence,Miles traveled,0.6824010252627323
Ford/Custom,Miles traveled,0.6784817193165109
Cadillac/XT6,Miles traveled,0.6638850179323643
Honda/Passport Trailsport Elite,Miles traveled,0.6500449059447335
range rover/velar,Miles traveled,0.6449443532072611
Vauxhall-Opel/Agila,Miles traveled,0.6166856152119341
BMW/Serie 2 Active tourer,Miles traveled,0.6071394180091861
Opel/Frontera,Miles traveled,0.5870828283387649
Hundiy/Sonata,Miles traveled,0.586287912829466
FIAT/Strada,Miles traveled,0.5673588302197644
Suzuki/Alto,Miles traveled,0.5604574298482553
Seat cupra/Leon,Miles traveled,0.5549953939985781
Mercedes-Benz/Sprinter 315 CDI,Miles traveled,0.5538317978038712
Haval/H2,Miles traveled,0.551498366184968
FIAT/500C,Miles traveled,0.5447586738527906
Pegeot /308,Miles traveled,0.5414897578497543
Kya k5/2025,Miles traveled,0.5314007940678767
DFSK/Aeolus huge,Miles traveled,0.5207212728720267
Porsche/Taycan 4 Cross Turismo,Miles traveled,0.519979055541317
OPEL/Insgnia,Miles traveled,0.5079658670323284
Perodua/Alza,Miles traveled,0.5050819485877895
Mercedes-Benz/AMG GLC 43 4MATIC COUPE,Miles traveled,0.504287440629301
Ford/E-transit Custom,Miles traveled,0.4938659957529532
Volkswagen/California,Miles traveled,0.4927671219920898
Volkswagen/Golf SportWagen,Miles traveled,0.49250964624502025
BMW/X6 M,Miles traveled,0.4878436464703688
Tata/Safari,Miles traveled,0.457525255747141
Lincoln/Mark VIII,Miles traveled,0.4464944027187715
BMW/435 Cabriolet,Miles traveled,0.44268322338680627
Dongfeng/Aeolus,Miles traveled,0.4391344175893133
Scania/R-Series,Miles traveled,0.43873558408881624
Cadillac/CT6,Miles traveled,0.43635811610442116
Shery/Arrizo8,Miles traveled,0.4315267793523286
FIAT/500s,Miles traveled,0.40968655908967266
MG/Marvel,Miles traveled,0.4058166708567887
Golf/5,Miles traveled,0.4035894538317895
Mazda/6e,Miles traveled,0.3778414150357118
Daihatsu/Hijet,Miles traveled,0.3695601331779906
Ford/Falcon,Miles traveled,0.36862932963311335
Mercedes-Benz/V 250,Miles traveled,0.36768214972769014
Mercedes-Benz/AMG GLC 43,Miles traveled,0.36670998801781324
FIAT/Punto evo,Miles traveled,0.3632250115806597
Dacia/Logan,Miles traveled,0.3508806595804723
Ford/E-Series,Miles traveled,0.3429993509172129
DFSK/Glory 560,Miles traveled,0.3260612067312987
BYD/Denza B5,Miles traveled,0.3137235568921296
BMW/740Li,Miles traveled,0.3110421160327946
Nissan/PLATINUM,Miles traveled,0.3101086263423043
FIAT/Sedici,Miles traveled,0.30243599734810134
Chery/Arrizo 6,Miles traveled,0.2946410829572303
Audi/RS 4,Miles traveled,0.2945394283865399
Avatr/12,Miles traveled,0.2944621413187738
Hyundai/Sonata Hybrid,Miles traveled,0.2923562737918036
Hyunday/Verna,Miles traveled,0.2922505506265515
Mercedes-Benz/cla,Miles traveled,0.27001439798130583
Changan/CS75,Miles traveled,0.25458905508075974
Vauxhall/Insignia,Miles traveled,0.2503812710908859
Toyota/4Runnerrunner,Miles traveled,0.250233348710777
Peugeot/E 208,Miles traveled,0.24376531018431685
Nissan/Nissan patrol,Miles traveled,0.23841174392245837
MG7/MG7 2026,Miles traveled,0.2342544161722152
Toyota/Tundra Hybrid,Miles traveled,0.23286095396473777
Bentley/Flying Spur,Miles traveled,0.22850969862410453
Toyota/Hyryder,Miles traveled,0.22551960352052294
Daihatsu/Hijet Truck,Miles traveled,0.21978106773835468
Geely/Geometry C,Miles traveled,0.21548078767159543
Tata/Altroz,Miles traveled,0.21441736718763418
K5/K5,Miles traveled,0.2128771471639629
Mercedes-Benz/V300d,Miles traveled,0.2122525284066867
GWM/HAVAL H6 GT,Miles traveled,0.21182054699685585
Hyundai/i30 N Performance,Miles traveled,0.21077076290504806
Audi/S6 Avant,Miles traveled,0.2087106620473715
Aston Martin/Vanquish,Miles traveled,0.2019809143861966
Mercedes-Benz/A180d,Miles traveled,0.2000166134518469
KTM/790 Adventure,Miles traveled,0.1877849210785862
Kia/K9,Miles traveled,0.18583263901580108
Renualt/Megane,Miles traveled,0.18565962501948607
Mercedes-Benz/GLA 200,Miles traveled,0.18493852775958855
KlN/SONET,Miles traveled,0.1783831891729765
Mercedes-Benz/C 180,Miles traveled,0.1763485959818645
Nissan/Titanium,Miles traveled,0.16578185756225117
Ford/Fusion (Europe),Miles traveled,0.15957775057930815
Honda/Zr-v,Miles traveled,0.15955327837055602
HARLEY-DAVIDSON/Road Glide,Miles traveled,0.15922995058129083
Mercedes-Benz/C300e,Miles traveled,0.1584380999733451
Hyundai/Hb20,Miles traveled,0.15603813526350782
Lancia/Voyager,Miles traveled,0.15052050212731163
Cadillac/CTS-V,Miles traveled,0.13875078280432693
BMW/Z4 M,Miles traveled,0.13668897686120332
Ford/E-350,Miles traveled,0.13393401492325346
Maruti Suzuki/Brezza,Miles traveled,0.13340575488443496
Hyundai/I30 PD,Miles traveled,0.13025899312301623
Mercedes-Benz/A250e,Miles traveled,0.12983211598790903
ZEEKR/7X,Miles traveled,0.1290486221550609
Fort Torres/Tourist,Miles traveled,0.1268728771544304
ACCENT/MALGT41D0TM216763,Miles traveled,0.12419319133630871
Mazda/BT50,Miles traveled,0.11887778823845416
Dacia/Logan II,Miles traveled,0.11875769656223095
Honda/Acoord,Miles traveled,0.11504801095360732
Mercedes-Benz/GT43,Miles traveled,0.11047280784749355
Mercedes-Benz/GLE 400,Miles traveled,0.10563228759399736
Gac/Empo,Miles traveled,0.10482862157370522
Kia/pegas,Miles traveled,0.10478366955232714
Nissan/Tiida,Miles traveled,0.10415686013070331
Nissan/Platinum City,Miles traveled,0.10257366480220667
Toyota/RAV4 HY,Miles traveled,0.09926419050467034
BMW/M3 CS Touring,Miles traveled,0.0977298351582154
Chevrolet/Beat,Miles traveled,0.09711995893888282
Coopop/Rugged GS,Miles traveled,0.09601033054138422
Jeep/Weangler tj,Miles traveled,0.09306097264376027
Volvo/850,Miles traveled,0.09197786414112633
Honda/GOLDWING,Miles traveled,0.09093638173788576
Volkswagen/Vento,Miles traveled,0.08877147852468337
Kia/Sorento hev,Miles traveled,0.08676537522314758
Suzuki/V-Strom,Miles traveled,0.08398912553313806
Hyptec/GT,Miles traveled,0.07999711722523156
Chevrolet/Nova,Miles traveled,0.07960647337947137
Chery/Tiggo 7 Pro Max,Miles traveled,0.07517738169069128
HARLEY-DAVIDSON/Street Glide Special,Miles traveled,0.07438355627434494
Dodge/Caliber,Miles traveled,0.06970158163202665
OPEL/NEW CORSA,Miles traveled,0.06431911249644605
Mercedes-Benz/GLK 250,Miles traveled,0.06239918170823117